Workbook
Name ASTER: #REF!
Name Dia: #REF!
Name fg: #REF!
Name Productos: [1]Dosis!$A$1:$C$65536
Name S: #REF!
Name SELEECION: #REF!

Sheet PGR Drench 2045 Frio 14-42
B1: 1 | C1: =B1+1 -> 2 | D1: =C1+1 -> 3 | E1: =D1+1 -> 4 | F1: =E1+1 -> 5 | I1: =F1+1 -> 6 | J1: =I1+1 -> 7 | M1: =J1+1 -> 8 | N1: =M1+1 -> 9 | Q1: =N1+1 -> 10 | R1: =Q1+1 -> 11 | U1: =R1+1 -> 12 | V1: =U1+1 -> 13 | Y1: =V1+1 -> 14 | Z1: =Y1+1 -> 15 | AA1: =#REF!+1 -> #REF!
B3: PROGRAMACION PARA DRENCH
A4: REVISADO 03/06/2020 | B4: SIEMBRAS MONTEALBO | I4: FURADAN 4F 48% LÍQUIDO
A5: SEM FENOLOGICA | B5: DRENCH BIOESTIMULANTE | C5: METODO DE APLICACIÓN 1 | D5: LITROS 1 CAMA | E5: PRODUCTO 1 | F5: CANTIDAD PRODCUTO 1 | G5: METODO DE APLICACIÓN 2 | H5: LITROS 2 CAMA | I5: PRODUCTO 2 | J5: CANTIDAD PRODCUTO 2 | K5: METODO DE APLICACIÓN 3 | L5: LITROS 3 CAMA | M5: PRODUCTO 3 | N5: CANTIDAD 6CC POR LITRO | O5: METODO DE APLICACIÓN 4 | P5: LITROS 4 CAMA | Q5: PRODUCTO 4 | R5: CANTIDAD 8CC POR LITRO | S5: METODO DE APLICACIÓN 5 | T5: LITROS 5 CAMA | U5: PRODUCTO 5 | V5: CANTIDAD EN FUNDAS | W5: METODO DE APLICACIÓN 6 | X5: LITROS 6 CAMA | Y5: PRODUCTO 6 | Z5: CANTIDAD PRODCUTO 6 | AA5: AA
A6: 1 | B6: 1 S AND | C6: Fumigacion | D6: 4 | E6: Bioenergia | F6: 1 | G6: Fumigacion | H6: 4 | K6: Fumigacion | L6: 4 | O6: Fumigacion | P6: 4 | S6: Fumigacion | T6: 4 | W6: Fumigacion | X6: 4
A7: 2 | B7: 2 S AND | C7: BOMBA | D7: 50 | E7: RAIZA | F7: 0.33 | G7: BOMBA | H7: 50 | I7: Humistar WG | J7: 0.2 | K7: BOMBA | L7: 50 | M7: Beauveria | N7: 6 | O7: BOMBA | P7: 50 | Q7: Paecilomyces | R7: 8 | S7: BOMBA | T7: 50 | U7: Trichoderma | V7: 1 | W7: BOMBA | X7: 50
A8: 3 | B8: 3 S AND | C8: BOMBA | D8: 50 | E8: Nitrato calcio | F8: 2 | G8: BOMBA | H8: 50 | K8: BOMBA | L8: 50 | M8: Beauveria | N8: 6 | O8: BOMBA | P8: 50 | Q8: Paecilomyces | R8: 8 | S8: BOMBA | T8: 50 | W8: BOMBA | X8: 50
A9: 4 | B9: 4 S AND | C9: BOMBA | D9: 50 | E9: RAIZA | F9: 0.33 | G9: BOMBA | H9: 50 | I9: Humistar WG | J9: 0.2 | K9: BOMBA | L9: 50 | M9: Beauveria | N9: 6 | O9: BOMBA | P9: 50 | Q9: Paecilomyces | R9: 8 | S9: BOMBA | T9: 50 | U9: Trichoderma | V9: 1 | W9: BOMBA | X9: 50
A10: 5 | B10: 5 S AND | C10: BOMBA | D10: 50 | E10: OZONIC | F10: 0.88 | G10: BOMBA | H10: 50 | K10: BOMBA | L10: 50 | O10: BOMBA | P10: 50 | S10: BOMBA | T10: 50 | W10: BOMBA | X10: 50 | AB10: En foliar 2 cc / litro, No repetir la fumigación el mismo día
A11: 6 | B11: 6 S AND | C11: BOMBA | D11: 50 | E11: Nitrato calcio | F11: 2 | G11: BOMBA | H11: 50 | K11: BOMBA | L11: 50 | M11: Beauveria | N11: 6 | O11: BOMBA | P11: 50 | Q11: Paecilomyces | R11: 8 | S11: BOMBA | T11: 50 | W11: BOMBA | X11: 50
A12: 7 | B12: 7 S AND | C12: BOMBA | D12: 50 | E12: Novak | F12: 0.48 | G12: BOMBA | H12: 50 | I12: NAKAR 20 EC | J12: =25/50 -> 0.5 | K12: BOMBA | L12: 50 | O12: BOMBA | P12: 50 | S12: BOMBA | T12: 50 | W12: BOMBA | X12: 50 | AB12: En foliar 0,8 cc / litro, No repetir la fumigación el mismo día
A13: 8 | B13: 8 S AND | C13: BOMBA | D13: 50 | E13: ALCAPLANT | F13: 1.1 | G13: BOMBA | H13: 50 | K13: BOMBA | L13: 50 | O13: BOMBA | P13: 50 | S13: BOMBA | T13: 50 | W13: BOMBA | X13: 50
A14: 9 | B14: 9 S AND | C14: BOMBA | D14: 50 | E14: RAIZA | F14: 0.33 | G14: BOMBA | H14: 50 | K14: BOMBA | L14: 50 | M14: Beauveria | N14: 6 | O14: BOMBA | P14: 50 | Q14: Paecilomyces | R14: 8 | S14: BOMBA | T14: 50 | W14: BOMBA | X14: 50
A15: 10 | B15: 10 S AND | C15: BOMBA | D15: 50 | E15: ALCAPLANT | F15: 1.1 | G15: BOMBA | H15: 50 | K15: BOMBA | L15: 50 | O15: BOMBA | P15: 50 | S15: BOMBA | T15: 50 | W15: BOMBA | X15: 50
A16: 11 | B16: 11 S AND | C16: BOMBA | G16: BOMBA | K16: BOMBA | O16: BOMBA | S16: BOMBA | W16: BOMBA
A17: 12 | B17: 12 S AND | C17: BOMBA | D17: 50 | E17: ALCAPLANT | F17: 1.1 | G17: BOMBA | H17: 50 | K17: BOMBA | L17: 50 | O17: BOMBA | P17: 50 | S17: BOMBA | T17: 50 | W17: BOMBA | X17: 50
A18: 13 | B18: 13 S AND | C18: BOMBA | D18: 50 | E18: Muriato de k blanco | F18: 1.45 | G18: BOMBA | H18: 50 | K18: BOMBA | L18: 50 | O18: BOMBA | P18: 50 | S18: BOMBA | T18: 50 | W18: BOMBA | X18: 50
A19: 14 | B19: 14 S AND | C19: BOMBA | G19: BOMBA | K19: BOMBA | O19: BOMBA | S19: BOMBA | W19: BOMBA
A20: 15 | B20: 15 S AND | C20: BOMBA | D20: 50 | E20: ALCAPLANT | F20: 1.1 | G20: BOMBA | H20: 50 | K20: BOMBA | L20: 50 | O20: BOMBA | P20: 50 | S20: BOMBA | T20: 50 | W20: BOMBA | X20: 50
A21: 16 | B21: 16 S AND | C21: Fumigacion | D21: 7 | E21: Vitavax flo | F21: 2 | G21: Fumigacion | H21: 7 | I21: Agral | J21: 0.2 | K21: Fumigacion | L21: 7 | O21: Fumigacion | P21: 7 | S21: Fumigacion | T21: 7 | W21: Fumigacion | X21: 7
A22: 17 | B22: 17 S AND
A23: 18 | B23: 18 S AND | C23: BOMBA | D23: 50 | E23: ALBA PAC | F23: 15 | G23: BOMBA | H23: 50 | K23: BOMBA | L23: 50 | O23: BOMBA | P23: 50 | S23: BOMBA | T23: 50 | W23: BOMBA | X23: 50 | AB23: 2 semanas antes de fin de cosecha. Reducir 750 gr de la aplicación de cal en la poda
A24: 19 | B24: 19 S AND
A25: 20 | B25: 20 S AND
B26: SIEMBRAS CLOUD
A27: SEM FENOLOGICA | B27: DRENCH BIOESTIMULANTE | C27: METODO DE APLICACIÓN 1 | D27: LITROS 1 CAMA | E27: PRODUCTO 1 | F27: CANTIDAD PRODCUTO 1 | G27: METODO DE APLICACIÓN 2 | H27: LITROS 2 CAMA | I27: PRODUCTO 2 | J27: CANTIDAD PRODCUTO 2 | K27: METODO DE APLICACIÓN 3 | L27: LITROS 3 CAMA | M27: PRODUCTO 3 | N27: CANTIDAD 6CC POR LITRO | O27: METODO DE APLICACIÓN 4 | P27: LITROS 4 CAMA | Q27: PRODUCTO 4 | R27: CANTIDAD 8CC POR LITRO | S27: METODO DE APLICACIÓN 5 | T27: LITROS 5 CAMA | U27: PRODUCTO 5 | V27: CANTIDAD EN FUNDAS | W27: METODO DE APLICACIÓN 6 | X27: LITROS 6 CAMA | Y27: PRODUCTO 6 | Z27: CANTIDAD PRODCUTO 6 | AA27: AA
A28: 1 | B28: 1 S CLO | C28: Fumigacion | D28: 4 | E28: Bioenergia | F28: 1 | G28: Fumigacion | H28: 4 | K28: Fumigacion | L28: 4 | O28: Fumigacion | P28: 4 | S28: Fumigacion | T28: 4 | W28: Fumigacion | X28: 4
A29: 2 | B29: 2 S CLO | C29: BOMBA | D29: 50 | E29: RAIZA | F29: 0.33 | G29: BOMBA | H29: 50 | I29: Humistar WG | J29: 0.2 | K29: BOMBA | L29: 50 | M29: Beauveria | N29: 6 | O29: BOMBA | P29: 50 | Q29: Paecilomyces | R29: 8 | S29: BOMBA | T29: 50 | U29: Trichoderma | V29: 1 | W29: BOMBA | X29: 50
A30: 3 | B30: 3 S CLO | C30: BOMBA | D30: 50 | E30: Nitrato calcio | F30: 2 | G30: BOMBA | H30: 50 | K30: BOMBA | L30: 50 | M30: Beauveria | N30: 6 | O30: BOMBA | P30: 50 | Q30: Paecilomyces | R30: 8 | S30: BOMBA | T30: 50 | W30: BOMBA | X30: 50
A31: 4 | B31: 4 S CLO | C31: BOMBA | D31: 50 | E31: RAIZA | F31: 0.33 | G31: BOMBA | H31: 50 | I31: Humistar WG | J31: 0.2 | K31: BOMBA | L31: 50 | M31: Beauveria | N31: 6 | O31: BOMBA | P31: 50 | Q31: Paecilomyces | R31: 8 | S31: BOMBA | T31: 50 | U31: Trichoderma | V31: 1 | W31: BOMBA | X31: 50
A32: 5 | B32: 5 S CLO | C32: BOMBA | D32: 50 | E32: OZONIC | F32: 0.88 | G32: BOMBA | H32: 50 | K32: BOMBA | L32: 50 | O32: BOMBA | P32: 50 | S32: BOMBA | T32: 50 | W32: BOMBA | X32: 50 | AB32: En foliar 2 cc / litro, No repetir la fumigación el mismo día
A33: 6 | B33: 6 S CLO | C33: BOMBA | D33: 50 | E33: Nitrato calcio | F33: 2 | G33: BOMBA | H33: 50 | K33: BOMBA | L33: 50 | M33: Beauveria | N33: 6 | O33: BOMBA | P33: 50 | Q33: Paecilomyces | R33: 8 | S33: BOMBA | T33: 50 | W33: BOMBA | X33: 50
A34: 7 | B34: 7 S CLO | C34: BOMBA | D34: 50 | E34: Novak | F34: 0.48 | G34: BOMBA | H34: 50 | I34: NAKAR 20 EC | J34: =25/50 -> 0.5 | K34: BOMBA | L34: 50 | O34: BOMBA | P34: 50 | S34: BOMBA | T34: 50 | W34: BOMBA | X34: 50 | AB34: En foliar 0,8 cc / litro, No repetir la fumigación el mismo día
A35: 8 | B35: 8 S CLO | C35: BOMBA | D35: 50 | E35: ALCAPLANT | F35: 1.1 | G35: BOMBA | H35: 50 | K35: BOMBA | L35: 50 | O35: BOMBA | P35: 50 | S35: BOMBA | T35: 50 | W35: BOMBA | X35: 50
A36: 9 | B36: 9 S CLO | C36: BOMBA | D36: 50 | E36: RAIZA | F36: 0.33 | G36: BOMBA | H36: 50 | K36: BOMBA | L36: 50 | M36: Beauveria | N36: 6 | O36: BOMBA | P36: 50 | Q36: Paecilomyces | R36: 8 | S36: BOMBA | T36: 50 | W36: BOMBA | X36: 50
A37: 10 | B37: 10 S CLO | C37: BOMBA | D37: 50 | E37: ALCAPLANT | F37: 1.1 | G37: BOMBA | H37: 50 | K37: BOMBA | L37: 50 | O37: BOMBA | P37: 50 | S37: BOMBA | T37: 50 | W37: BOMBA | X37: 50
A38: 11 | B38: 11 S CLO | C38: BOMBA | G38: BOMBA | K38: BOMBA | O38: BOMBA | S38: BOMBA | W38: BOMBA
A39: 12 | B39: 12 S CLO | C39: BOMBA | D39: 50 | E39: ALCAPLANT | F39: 1.1 | G39: BOMBA | H39: 50 | K39: BOMBA | L39: 50 | O39: BOMBA | P39: 50 | S39: BOMBA | T39: 50 | W39: BOMBA | X39: 50
A40: 13 | B40: 13 S CLO | C40: BOMBA | D40: 50 | E40: Muriato de k blanco | F40: 1.45 | G40: BOMBA | H40: 50 | K40: BOMBA | L40: 50 | O40: BOMBA | P40: 50 | S40: BOMBA | T40: 50 | W40: BOMBA | X40: 50
A41: 14 | B41: 14 S CLO | C41: BOMBA | G41: BOMBA | K41: BOMBA | O41: BOMBA | S41: BOMBA | W41: BOMBA
A42: 15 | B42: 15 S CLO | C42: BOMBA | D42: 50 | E42: ALCAPLANT | F42: 1.1 | G42: BOMBA | H42: 50 | K42: BOMBA | L42: 50 | O42: BOMBA | P42: 50 | S42: BOMBA | T42: 50 | W42: BOMBA | X42: 50
A43: 16 | B43: 16 S CLO | C43: Fumigacion | D43: 7 | E43: Vitavax flo | F43: 2 | G43: Fumigacion | H43: 7 | I43: Agral | J43: 0.2 | K43: Fumigacion | L43: 7 | O43: Fumigacion | P43: 7 | S43: Fumigacion | T43: 7 | W43: Fumigacion | X43: 7
A44: 17 | B44: 17 S CLO
A45: 18 | B45: 18 S CLO | C45: BOMBA | D45: 50 | E45: ALBA PAC | F45: 15 | G45: BOMBA | H45: 50 | K45: BOMBA | L45: 50 | O45: BOMBA | P45: 50 | S45: BOMBA | T45: 50 | W45: BOMBA | X45: 50 | AB45: 2 semanas antes de fin de cosecha. Reducir 750 gr de la aplicación de cal en la poda
A46: 19 | B46: 19 S CLO
A47: 20 | B47: 20 S CLO
B48: SIEMBRAS XLENCE
A49: SEM FENOLOGICA | B49: DRENCH BIOESTIMULANTE | C49: METODO DE APLICACIÓN 1 | D49: LITROS 1 CAMA | E49: PRODUCTO 1 | F49: CANTIDAD PRODCUTO 1 | G49: METODO DE APLICACIÓN 2 | H49: LITROS 2 CAMA | I49: PRODUCTO 2 | J49: CANTIDAD PRODCUTO 2 | K49: METODO DE APLICACIÓN 3 | L49: LITROS 3 CAMA | M49: PRODUCTO 3 | N49: CANTIDAD 6CC POR LITRO | O49: METODO DE APLICACIÓN 4 | P49: LITROS 4 CAMA | Q49: PRODUCTO 4 | R49: CANTIDAD 8CC POR LITRO | S49: METODO DE APLICACIÓN 5 | T49: LITROS 5 CAMA | U49: PRODUCTO 5 | V49: CANTIDAD EN FUNDAS | W49: METODO DE APLICACIÓN 6 | X49: LITROS 6 CAMA | Y49: PRODUCTO 6 | Z49: CANTIDAD PRODCUTO 6 | AA49: AA
A50: 1 | B50: 1 S XL | C50: Fumigacion | D50: 4 | E50: Bioenergia | F50: 1 | G50: Fumigacion | H50: 4 | K50: Fumigacion | L50: 4 | O50: Fumigacion | P50: 4 | S50: Fumigacion | T50: 4 | W50: Fumigacion | X50: 4
A51: 2 | B51: 2 S XL | C51: BOMBA | D51: 50 | E51: RAIZA | F51: 0.33 | G51: BOMBA | H51: 50 | I51: Humistar WG | J51: 0.2 | K51: BOMBA | L51: 50 | M51: Beauveria | N51: 6 | O51: BOMBA | P51: 50 | Q51: Paecilomyces | R51: 8 | S51: BOMBA | T51: 50 | U51: Trichoderma | V51: 1 | W51: BOMBA | X51: 50
A52: 3 | B52: 3 S XL | C52: BOMBA | D52: 50 | E52: RAIZA | F52: 0.33 | G52: BOMBA | H52: 50 | I52: Humistar WG | J52: 0.2 | K52: BOMBA | L52: 50 | M52: Beauveria | N52: 6 | O52: BOMBA | P52: 50 | Q52: Paecilomyces | R52: 8 | S52: BOMBA | T52: 50 | U52: Trichoderma | V52: 1 | W52: BOMBA | X52: 50
A53: 4 | B53: 4 S XL | C53: BOMBA | D53: 50 | E53: OZONIC | F53: 0.33 | G53: BOMBA | H53: 50 | K53: BOMBA | L53: 50 | O53: BOMBA | P53: 50 | S53: BOMBA | T53: 50 | W53: BOMBA | X53: 50 | AB53: En foliar 2 cc / litro, No repetir la fumigación el mismo día
A54: 5 | B54: 5 S XL | C54: BOMBA | D54: 50 | E54: ALCAPLANT | F54: 1.1 | G54: BOMBA | H54: 50 | K54: BOMBA | L54: 50 | M54: Beauveria | N54: 6 | O54: BOMBA | P54: 50 | Q54: Paecilomyces | R54: 8 | S54: BOMBA | T54: 50 | W54: BOMBA | X54: 50
A55: 6 | B55: 6 S XL | C55: BOMBA | D55: 50 | E55: Novak | F55: 0.48 | G55: BOMBA | H55: 50 | K55: BOMBA | L55: 50 | O55: BOMBA | P55: 50 | S55: BOMBA | T55: 50 | W55: BOMBA | X55: 50 | AB55: En foliar 0,8 cc / litro, No repetir la fumigación el mismo día
A56: 7 | B56: 7 S XL | C56: Fumigacion | D56: 10 | E56: Bac | F56: 2 | G56: Fumigacion | H56: 50 | I56: NAKAR 20 EC | J56: =25/50 -> 0.5 | K56: Fumigacion | L56: 50 | O56: Fumigacion | P56: 50 | S56: Fumigacion | T56: 50 | W56: Fumigacion | X56: 50
A57: 8 | B57: 8 S XL | C57: BOMBA | D57: 50 | E57: RAIZA | F57: 0.33 | G57: BOMBA | H57: 50 | K57: BOMBA | L57: 50 | M57: Beauveria | N57: 6 | O57: BOMBA | P57: 50 | Q57: Paecilomyces | R57: 8 | S57: BOMBA | T57: 50 | W57: BOMBA | X57: 50
A58: 9 | B58: 9 S XL
A59: 10 | B59: 10 S XL | C59: BOMBA | D59: 50 | E59: ALCAPLANT | F59: 1.1 | G59: BOMBA | H59: 50 | K59: BOMBA | L59: 50 | O59: BOMBA | P59: 50 | S59: BOMBA | T59: 50 | W59: BOMBA | X59: 50
A60: 11 | B60: 11 S XL
A61: 12 | B61: 12 S XL | C61: Fumigacion | D61: 10 | E61: Bac | F61: 2 | G61: Fumigacion | H61: 10 | K61: Fumigacion | L61: 10 | O61: Fumigacion | P61: 10 | S61: Fumigacion | T61: 10 | W61: Fumigacion | X61: 10
A62: 13 | B62: 13 S XL
A63: 14 | B63: 14 S XL | C63: BOMBA | D63: 50 | E63: ALCAPLANT | F63: 1.1 | G63: BOMBA | H63: 50 | K63: BOMBA | L63: 50 | O63: BOMBA | P63: 50 | S63: BOMBA | T63: 50 | W63: BOMBA | X63: 50
A64: 15 | B64: 15 S XL | C64: Fumigacion | D64: 7 | E64: Vitavax flo | F64: 2 | G64: Fumigacion | H64: 7 | I64: Agral | J64: 0.2 | K64: Fumigacion | L64: 7 | O64: Fumigacion | P64: 7 | S64: Fumigacion | T64: 7 | W64: Fumigacion | X64: 7
A65: 16 | B65: 16 S XL | C65: BOMBA | D65: 50 | E65: ALCAPLANT | F65: 1.1 | G65: BOMBA | H65: 50 | J65: =0.2 -> 0.2 | K65: BOMBA | L65: 50 | O65: BOMBA | P65: 50 | S65: BOMBA | T65: 50 | W65: BOMBA | X65: 50
A66: 17 | B66: 17 S XL
A67: 18 | B67: 18 S XL
A68: 19 | B68: 19 S XL
A69: 20 | B69: 20 S XL
B70: SIEMBRAS XLENCE FIVE STARS
A71: SEM FENOLOGICA | B71: DRENCH BIOESTIMULANTE | C71: METODO DE APLICACIÓN 1 | D71: LITROS 1 CAMA | E71: PRODUCTO 1 | F71: CANTIDAD PRODCUTO 1 | G71: METODO DE APLICACIÓN 2 | H71: LITROS 2 CAMA | I71: PRODUCTO 2 | J71: CANTIDAD PRODCUTO 2 | K71: METODO DE APLICACIÓN 3 | L71: LITROS 3 CAMA | M71: PRODUCTO 3 | N71: CANTIDAD 6CC POR LITRO | O71: METODO DE APLICACIÓN 4 | P71: LITROS 4 CAMA | Q71: PRODUCTO 4 | R71: CANTIDAD 8CC POR LITRO | S71: METODO DE APLICACIÓN 5 | T71: LITROS 5 CAMA | U71: PRODUCTO 5 | V71: CANTIDAD EN FUNDAS | W71: METODO DE APLICACIÓN 6 | X71: LITROS 6 CAMA | Y71: PRODUCTO 6 | Z71: CANTIDAD PRODCUTO 6 | AA71: AA
A72: 1 | B72: 1 S XLFS | C72: Fumigacion | D72: 4 | E72: Bioenergia | F72: 1 | G72: Fumigacion | H72: 4 | K72: Fumigacion | L72: 4 | O72: Fumigacion | P72: 4 | S72: Fumigacion | T72: 4 | W72: Fumigacion | X72: 4
A73: 2 | B73: 2 S XLFS | C73: BOMBA | D73: 50 | E73: RAIZA | F73: 0.33 | G73: BOMBA | H73: 50 | I73: Humistar WG | J73: 0.2 | K73: BOMBA | L73: 50 | M73: Beauveria | N73: 6 | O73: BOMBA | P73: 50 | Q73: Paecilomyces | R73: 8 | S73: BOMBA | T73: 50 | U73: Trichoderma | V73: 1 | W73: BOMBA | X73: 50
A74: 3 | B74: 3 S XLFS | C74: BOMBA | D74: 50 | E74: RAIZA | F74: 0.33 | G74: BOMBA | H74: 50 | I74: Humistar WG | J74: 0.2 | K74: BOMBA | L74: 50 | M74: Beauveria | N74: 6 | O74: BOMBA | P74: 50 | Q74: Paecilomyces | R74: 8 | S74: BOMBA | T74: 50 | U74: Trichoderma | V74: 1 | W74: BOMBA | X74: 50
A75: 4 | B75: 4 S XLFS | C75: BOMBA | D75: 50 | E75: OZONIC | F75: 0.33 | G75: BOMBA | H75: 50 | K75: BOMBA | L75: 50 | O75: BOMBA | P75: 50 | S75: BOMBA | T75: 50 | W75: BOMBA | X75: 50 | AB75: En foliar 2 cc / litro, No repetir la fumigación el mismo día
A76: 5 | B76: 5 S XLFS | C76: BOMBA | D76: 50 | E76: ALCAPLANT | F76: 1.1 | G76: BOMBA | H76: 50 | K76: BOMBA | L76: 50 | M76: Beauveria | N76: 6 | O76: BOMBA | P76: 50 | Q76: Paecilomyces | R76: 8 | S76: BOMBA | T76: 50 | W76: BOMBA | X76: 50
A77: 6 | B77: 6 S XLFS | C77: BOMBA | D77: 50 | E77: Novak | F77: 0.48 | G77: BOMBA | H77: 50 | K77: BOMBA | L77: 50 | O77: BOMBA | P77: 50 | S77: BOMBA | T77: 50 | W77: BOMBA | X77: 50 | AB77: En foliar 0,8 cc / litro, No repetir la fumigación el mismo día
A78: 7 | B78: 7 S XLFS | C78: Fumigacion | D78: 10 | E78: Bac | F78: 2 | G78: Fumigacion | H78: 50 | I78: NAKAR 20 EC | J78: =25/50 -> 0.5 | K78: Fumigacion | L78: 50 | O78: Fumigacion | P78: 50 | S78: Fumigacion | T78: 50 | W78: Fumigacion | X78: 50
A79: 8 | B79: 8 S XLFS | C79: BOMBA | D79: 50 | E79: RAIZA | F79: 0.33 | G79: BOMBA | H79: 50 | K79: BOMBA | L79: 50 | M79: Beauveria | N79: 6 | O79: BOMBA | P79: 50 | Q79: Paecilomyces | R79: 8 | S79: BOMBA | T79: 50 | W79: BOMBA | X79: 50
A80: 9 | B80: 9 S XLFS | C80: BOMBA | D80: 50 | E80: TACHIGAREN 36% LS | F80: 0.25 | G80: BOMBA | H80: 50 | K80: BOMBA | L80: 50 | O80: BOMBA | P80: 50 | S80: BOMBA | T80: 50 | W80: BOMBA | X80: 50 | AB80: Solo para Five Stars
A81: 10 | B81: 10 S XLFS | C81: BOMBA | D81: 50 | E81: ALCAPLANT | F81: 1.1 | G81: BOMBA | H81: 50 | K81: BOMBA | L81: 50 | O81: BOMBA | P81: 50 | S81: BOMBA | T81: 50 | W81: BOMBA | X81: 50
A82: 11 | B82: 11 S XLFS
A83: 12 | B83: 12 S XLFS | C83: Fumigacion | D83: 10 | E83: Bac | F83: 2 | G83: Fumigacion | H83: 10 | K83: Fumigacion | L83: 10 | O83: Fumigacion | P83: 10 | S83: Fumigacion | T83: 10 | W83: Fumigacion | X83: 10
A84: 13 | B84: 13 S XLFS
A85: 14 | B85: 14 S XLFS | C85: BOMBA | D85: 50 | E85: ALCAPLANT | F85: 1.1 | G85: BOMBA | H85: 50 | K85: BOMBA | L85: 50 | O85: BOMBA | P85: 50 | S85: BOMBA | T85: 50 | W85: BOMBA | X85: 50
A86: 15 | B86: 15 S XLFS | C86: Fumigacion | D86: 7 | E86: Vitavax flo | F86: 2 | G86: Fumigacion | H86: 7 | I86: Agral | J86: 0.2 | K86: Fumigacion | L86: 7 | O86: Fumigacion | P86: 7 | S86: Fumigacion | T86: 7 | W86: Fumigacion | X86: 7
A87: 16 | B87: 16 S XLFS | C87: BOMBA | D87: 50 | E87: ALCAPLANT | F87: 1.1 | G87: BOMBA | H87: 50 | J87: =0.2 -> 0.2 | K87: BOMBA | L87: 50 | O87: BOMBA | P87: 50 | S87: BOMBA | T87: 50 | W87: BOMBA | X87: 50
A88: 17 | B88: 17 S XLFS
A89: 18 | B89: 18 S XLFS
A90: 19 | B90: 19 S XLFS
A91: 20 | B91: 20 S XLFS
B92: PODAS MONTEALBO
A93: SEM FENOLOGICA | B93: DRENCH BIOESTIMULANTE | C93: METODO DE APLICACIÓN 1 | D93: LITROS 1 CAMA | E93: PRODUCTO 1 | F93: CANTIDAD PRODCUTO 1 | G93: METODO DE APLICACIÓN 2 | H93: LITROS 2 CAMA | I93: PRODUCTO 2 | J93: CANTIDAD PRODCUTO 2 | K93: METODO DE APLICACIÓN 3 | L93: LITROS 3 CAMA | M93: PRODUCTO 3 | N93: CANTIDAD 6CC POR LITRO | O93: METODO DE APLICACIÓN 4 | P93: LITROS 4 CAMA | Q93: PRODUCTO 4 | R93: CANTIDAD 8CC POR LITRO | S93: METODO DE APLICACIÓN 5 | T93: LITROS 5 CAMA | U93: PRODUCTO 5 | V93: CANTIDAD EN FUNDAS | W93: METODO DE APLICACIÓN 6 | X93: LITROS 6 CAMA | Y93: PRODUCTO 6 | Z93: CANTIDAD PRODCUTO 6 | AA93: AA
A94: 1 | B94: 1 P AND | C94: Fumigacion | D94: 7 | E94: Vitavax flo | F94: 2 | G94: Fumigacion | H94: 7 | I94: KOCIDE 101 77% | J94: 2 | K94: Fumigacion | L94: 7 | O94: Fumigacion | P94: 7 | S94: Fumigacion | T94: 7 | W94: Fumigacion | X94: 7 | AB94: El mismo día de la poda
A95: 2 | B95: 2 P AND | C95: Fumigacion | D95: 15 | E95: PARALANCHA | F95: 2 | G95: Fumigacion | H95: 15 | K95: Fumigacion | L95: 15 | O95: Fumigacion | P95: 15 | S95: Fumigacion | T95: 15 | W95: Fumigacion | X95: 15
A96: 3 | B96: 3 P AND | C96: BOMBA | D96: 50 | E96: RAIZA | F96: 0.33 | G96: BOMBA | H96: 50 | I96: Humistar WG | J96: 0.2 | K96: BOMBA | L96: 50 | O96: BOMBA | P96: 50 | S96: BOMBA | T96: 50 | U96: Trichoderma | V96: 1 | W96: BOMBA | X96: 50
A97: 4 | B97: 4 P AND | C97: VENTURY | D97: 50 | E97: Nitrato calcio | F97: 2.5 | G97: VENTURY | H97: 50 | K97: VENTURY | L97: 50 | M97: Beauveria | N97: 6 | O97: VENTURY | P97: 50 | Q97: Paecilomyces | R97: 8 | S97: VENTURY | T97: 50 | U97: Trichoderma | V97: 1 | W97: VENTURY | X97: 50 | AB97: solo en vénturi
A98: 5 | B98: 5 P AND | C98: Fumigacion | D98: 15 | E98: OZONIC | F98: 2 | G98: Fumigacion | H98: 15 | K98: Fumigacion | L98: 15 | O98: Fumigacion | P98: 15 | S98: Fumigacion | T98: 15 | W98: Fumigacion | X98: 15
A99: 6 | B99: 6 P AND | C99: BOMBA | D99: 50 | E99: ALCAPLANT | F99: 1.1 | G99: BOMBA | H99: 50 | K99: BOMBA | L99: 50 | O99: BOMBA | P99: 50 | S99: BOMBA | T99: 50 | W99: BOMBA | X99: 50
A100: 7 | B100: 7 P AND | C100: Fumigacion | D100: 10 | E100: Novak / Sportak | F100: 0.8 | G100: Fumigacion | H100: 50 | I100: NAKAR 20 EC | J100: =25/50 -> 0.5 | K100: Fumigacion | L100: 50 | O100: Fumigacion | P100: 50 | S100: Fumigacion | T100: 50 | W100: Fumigacion | X100: 50
A101: 8 | B101: 8 P AND | C101: BOMBA | D101: 50 | E101: ALCAPLANT | F101: 1.1 | G101: BOMBA | H101: 50 | K101: BOMBA | L101: 50 | O101: BOMBA | P101: 50 | S101: BOMBA | T101: 50 | W101: BOMBA | X101: 50
...

Sheet 1643 Cal y Alcaplant
A1: Aplicaciones de Cal y Alcaplant en Gypsophilas
A2: Fecha: 24 / Oct / 2016
A4: Aplicación | B4: Producto | C4: Dosis (cc o gr / litro) | D4: Semana Poda | E4: Semana Siembra
A5: 1 | B5: Hidróxido de Calcio (Cal) | C5: 30 | D5: 3 | E5: 4
A6: 2 | B6: Hidróxido de Calcio (Cal) | C6: 15 | D6: 6 | E6: 7
A7: 3 | B7: Alcaplant | C7: 4 | D7: 8 | E7: 9
A8: 4 | B8: Alcaplant | C8: 4 | D8: 10 | E8: 11
A9: 5 | B9: Alcaplant | C9: 6 | D9: 3 semanas antes de la poda
A11: No aplicar estos productos el mismo día que se apliquen pesticidas

Sheet Fusarium Nematodos 2008
A1: Plan de acción problemas sanitarios semana 2008
A2: Fecha: 18-febrero-2020
A4: NEMÁTODOS
A6: Análisis de Guipi, compost malima; ecogreen, peatmoos (2 marcas); cascajo;
A7: Repetir análisis en todos los bloques
A9: Resultado de Análisis
A10: Bq | B10: Nemalam - Meloidogyne por 100 g de suelo | C10: Hilsea - Meloidogyne por 100 g de suelo | D10: Hilsea - Paratilenchus por 100 g de suelo
A11: 104 | B11: 250
A12: 105 | B12: 750
A13: 107 | B13: 2500
A14: 108 | B14: 1500
A15: 108 | C15: 600 | D15: 300
A16: 305 | B16: 250
A17: 337 | B17: 750
A18: En general, el umbral económico esta en 100 - 200 individuos por 100 g de suelo
A20: Informacion General de Nemátodos
A21: Las enfermedades causadas por nematodos se manifiestan con síntomas en las raices como agallas, lesiones
A22: necróticas, proliferación de raíces secundarias y pobre crecimiento radicular, lo que se traduce en clorosis y en
A23: general plantas débiles con pobre crecimiento.
A25: Los síntomas causados por los nematodos que atacan partas aéreas, son manchas foliares, putrefacciones y
A26: distorsiones en cuello y bulbos, así como agallas en las flores. Necrosis del xilema y marchitez
A28: Siembras y Podas:
B29: Producto | C29: Dosis normal g / m2 | D29: Dosis bloques problema
A30: Siembra: | B30: Agrocelhone FE (DICLOROPROPENO 38% y CLOROPRICRINA 57%) | C30: 50 | D30: 60
B31: Agrocelhone NE (DICLOROPROPENO 80,3% y CLOROPRICRINA 44%) | C31: 50 | D31: 60
A32: Poda: | B32: Rugby | C32: 5 g / m2 | D32: 7,5 g / m2
A33: Sem 7: | B33: Nakar | C33: 25 cc / cama
A36: Manejo de Nemátodos:
A37: Evitar la contaminación entre bloques con desinfección de manos y botas con Neuthox a 60 cc/lit y herramientas
A38: con BAC a 5 cc / litro
A39: Incorporación al suelo de altas cantidades de materia orgánica: 18 sacos/cama en siembras normales
A40: 25 sacos/cama en el área nueva. Cada saco es de 6 paladas llenas.
A41: Niveles de cloro libre en gotero en agua de 2-4 ppm. Con neuthox en MH y pastillas de cloro en SJP
A42: Nivel adecuado de cal en el suelo. En gypso encalar si tenemos pH 7,2 o inferior
A43: Mantener el protocolo para bacterias, pues en ambos casos debemos reducir contagios
A44: Dos pases de arado, con 15 días de separación antes de la desinfección
A45: Escarificados en todos los bloques antes del GA3 y en los filos de la cama 2 semanas antes de cosecha
A46: Desinfectar los escarificadores a cada cambio de camas
A47: Manejo Biológico: Peacelocyses
A49: Producto | B49: Trichoderma | D49: Beauveria | F49: Paecylomices
B50: Disponible por área (fundas) | C50: Litros en Drench | D50: Disponible por área (litros) | E50: Litros en Drench | F50: Disponible (litros) | G50: Litros en Drench | H50: Disponible funda
A51: MH1 (301 - 338) | B51: 420 | C51: 21000 | D51: 126 | E51: 21000 | F51: 192 | G51: 24000 | H51: 384
A52: MH1 (4 - 29) | B52: 160 | C52: 8000 | D52: 48 | E52: 8000 | F52: 74 | G52: 9250 | H52: 148
A53: MH2 (1 24) | B53: 120 | C53: 6000 | D53: 36 | E53: 6000 | F53: 56 | G53: 7000 | H53: 112
A54: MH2 (101 -108) | B54: 260 | C54: 13000 | D54: 78 | E54: 13000 | F54: 176 | G54: 22000 | H54: 352
A55: MH2 (LV) | B55: 100 | C55: 5000 | D55: 30 | E55: 5000 | F55: 46 | G55: 5750 | H55: 92
A56: SJP | B56: 400 | C56: 20000 | D56: 120 | E56: 20000 | F56: 175 | G56: 21875 | H56: 350
A57: Cultivos Varios | B57: 200 | C57: 10000 | D57: 60 | E57: 10000 | F57: 90 | G57: 11250 | H57: 180
A58: Propagación | B58: 50 | C58: 2500 | D58: 15 | E58: 2500 | F58: 30 | G58: 3750 | H58: 60
A59: TOTAL | B59: 1710 | C59: 85500 | D59: 513 | E59: 85500 | F59: 839 | G59: 104875 | H59: 1678
A60: Trichoderma: las cantidades están en fundas. Dosis para Drench 20 fundas por tanque de 1000 litros | J60: =1000/50 -> 20 | K60: De donde 1000 lt son para 20 camas, lo que equivale a 1 funda por cama
A61: Beauveria: las cantidades están en litros (cada litro equivale a una funda). Dosis en Drench: 6 cc / litro | J61: =50*6 -> 300 | K61: De donde 1000cc son 1 funda. De esta dilucion aplicamos 6cc por litro en donde 1 cama, requiere 300cc de producucto diluido.
A62: Paecylomices: las cantiades están en litros (cada litro equivale a 2 fundas). Dosis en Drench 8 cc / litro | J62: =50*8 -> 400 | K62: De donde 1000cc son 2 funda. De esta dilucion aplicamos 8cc por litro en donde 1 cama, requiere 400cc de producto diluido.
A63: Los hongos se pueden aplicar directamente al suelo o dar junto con Drench de Fertilizantes o Bioestimulantes
A64: en dilusión final
A66: No aplicar drench con fungicida la semana de aplicación de hongos benéficos

Sheet Programa Drench
B1: 1 | C1: =B1+1 -> 2 | D1: =C1+1 -> 3 | E1: =D1+1 -> 4 | F1: =E1+1 -> 5 | I1: =F1+1 -> 6 | J1: =I1+1 -> 7 | M1: =J1+1 -> 8 | N1: =M1+1 -> 9 | Q1: =N1+1 -> 10 | R1: =Q1+1 -> 11 | U1: =R1+1 -> 12 | V1: =U1+1 -> 13 | Y1: =V1+1 -> 14 | Z1: =Y1+1 -> 15 | AA1: =#REF!+1 -> #REF!
A2: Frio_Caliente
B3: PROGRAMACION PARA DRENCH
B4: SIEMBRAS MONTEALBO | I4: FURADAN 4F 48% LÍQUIDO
A5: SEM FENOLOGICA | B5: DRENCH BIOESTIMULANTE | C5: METODO DE APLICACIÓN 1 | D5: LITROS 1 CAMA | E5: PRODUCTO 1 | F5: CANTIDAD PRODCUTO 1 | G5: METODO DE APLICACIÓN 2 | H5: LITROS 2 CAMA | I5: PRODUCTO 2 | J5: CANTIDAD PRODCUTO 2 | K5: METODO DE APLICACIÓN 3 | L5: LITROS 3 CAMA | M5: PRODUCTO 3 | N5: CANTIDAD 6CC POR LITRO | O5: METODO DE APLICACIÓN 4 | P5: LITROS 4 CAMA | Q5: PRODUCTO 4 | R5: CANTIDAD 8CC POR LITRO | S5: METODO DE APLICACIÓN 5 | T5: LITROS 5 CAMA | U5: PRODUCTO 5 | V5: CANTIDAD EN FUNDAS | W5: METODO DE APLICACIÓN 6 | X5: LITROS 6 CAMA | Y5: PRODUCTO 6 | Z5: CANTIDAD PRODCUTO 6 | AA5: AA
A6: 1 | B6: 1 S AND | C6: Fumigacion | D6: 4 | E6: Bioenergia | F6: 1 | G6: Fumigacion | H6: 4 | K6: Fumigacion | L6: 4 | O6: Fumigacion | P6: 4 | S6: Fumigacion | T6: 4 | W6: Fumigacion | X6: 4 | AA6: =F6+J6+N6+R6+V6+Z6 -> 1
A7: 2 | B7: 2 S AND | C7: BOMBA | D7: 50 | E7: RAIZA | F7: 0.33 | G7: BOMBA | H7: 50 | I7: Humistar WG | J7: 0.2 | K7: BOMBA | L7: 50 | M7: Beauveria | N7: 6 | O7: BOMBA | P7: 50 | Q7: Paecilomyces | R7: 8 | S7: BOMBA | T7: 50 | U7: Trichoderma | V7: 1 | W7: BOMBA | X7: 50 | AA7: =F7+J7+N7+R7+V7+Z7 -> 15.53
A8: 3 | B8: 3 S AND | C8: BOMBA | D8: 50 | E8: Nitrato calcio | F8: 2 | G8: BOMBA | H8: 50 | K8: BOMBA | L8: 50 | M8: Beauveria | N8: 6 | O8: BOMBA | P8: 50 | Q8: Paecilomyces | R8: 8 | S8: BOMBA | T8: 50 | W8: BOMBA | X8: 50 | AA8: =F8+J8+N8+R8+V8+Z8 -> 16
A9: 4 | B9: 4 S AND | C9: BOMBA | D9: 50 | E9: RAIZA | F9: 0.33 | G9: BOMBA | H9: 50 | I9: Humistar WG | J9: 0.2 | K9: BOMBA | L9: 50 | M9: Beauveria | N9: 6 | O9: BOMBA | P9: 50 | Q9: Paecilomyces | R9: 8 | S9: BOMBA | T9: 50 | U9: Trichoderma | V9: 1 | W9: BOMBA | X9: 50 | AA9: =F9+J9+N9+R9+V9+Z9 -> 15.53
A10: 5 | B10: 5 S AND | C10: BOMBA | D10: 50 | E10: OZONIC | F10: 0.88 | G10: BOMBA | H10: 50 | K10: BOMBA | L10: 50 | O10: BOMBA | P10: 50 | S10: BOMBA | T10: 50 | W10: BOMBA | X10: 50 | AA10: =F10+J10+N10+R10+V10+Z10 -> 0.88 | AB10: En foliar 2 cc / litro, No repetir la fumigación el mismo día
A11: 6 | B11: 6 S AND | C11: BOMBA | D11: 50 | E11: Nitrato calcio | F11: 2 | G11: BOMBA | H11: 50 | K11: BOMBA | L11: 50 | M11: Beauveria | N11: 6 | O11: BOMBA | P11: 50 | Q11: Paecilomyces | R11: 8 | S11: BOMBA | T11: 50 | W11: BOMBA | X11: 50 | AA11: =F11+J11+N11+R11+V11+Z11 -> 16
A12: 7 | B12: 7 S AND | C12: BOMBA | D12: 50 | E12: Novak | F12: 0.48 | G12: BOMBA | H12: 50 | I12: NAKAR 20 EC | J12: =25/50 -> 0.5 | K12: BOMBA | L12: 50 | O12: BOMBA | P12: 50 | S12: BOMBA | T12: 50 | W12: BOMBA | X12: 50 | AA12: =F12+J12+N12+R12+V12+Z12 -> 0.98 | AB12: En foliar 0,8 cc / litro, No repetir la fumigación el mismo día
A13: 8 | B13: 8 S AND | C13: BOMBA | D13: 50 | E13: ALCAPLANT | F13: 1.1 | G13: BOMBA | H13: 50 | K13: BOMBA | L13: 50 | O13: BOMBA | P13: 50 | S13: BOMBA | T13: 50 | W13: BOMBA | X13: 50 | AA13: =F13+J13+N13+R13+V13+Z13 -> 1.1
A14: 9 | B14: 9 S AND | C14: BOMBA | D14: 50 | E14: RAIZA | F14: 0.33 | G14: BOMBA | H14: 50 | K14: BOMBA | L14: 50 | M14: Beauveria | N14: 6 | O14: BOMBA | P14: 50 | Q14: Paecilomyces | R14: 8 | S14: BOMBA | T14: 50 | W14: BOMBA | X14: 50 | AA14: =F14+J14+N14+R14+V14+Z14 -> 14.33
A15: 10 | B15: 10 S AND | C15: BOMBA | D15: 50 | E15: ALCAPLANT | F15: 1.1 | G15: BOMBA | H15: 50 | K15: BOMBA | L15: 50 | O15: BOMBA | P15: 50 | S15: BOMBA | T15: 50 | W15: BOMBA | X15: 50 | AA15: =F15+J15+N15+R15+V15+Z15 -> 1.1
A16: 11 | B16: 11 S AND | C16: BOMBA | G16: BOMBA | K16: BOMBA | O16: BOMBA | S16: BOMBA | W16: BOMBA | AA16: =F16+J16+N16+R16+V16+Z16 -> 0
A17: 12 | B17: 12 S AND | C17: BOMBA | D17: 50 | E17: ALCAPLANT | F17: 1.1 | G17: BOMBA | H17: 50 | K17: BOMBA | L17: 50 | O17: BOMBA | P17: 50 | S17: BOMBA | T17: 50 | W17: BOMBA | X17: 50 | AA17: =F17+J17+N17+R17+V17+Z17 -> 1.1
A18: 13 | B18: 13 S AND | C18: BOMBA | D18: 50 | E18: Muriato de k blanco | F18: 1.45 | G18: BOMBA | H18: 50 | K18: BOMBA | L18: 50 | O18: BOMBA | P18: 50 | S18: BOMBA | T18: 50 | W18: BOMBA | X18: 50 | AA18: =F18+J18+N18+R18+V18+Z18 -> 1.45
A19: 14 | B19: 14 S AND | C19: BOMBA | G19: BOMBA | K19: BOMBA | O19: BOMBA | S19: BOMBA | W19: BOMBA | AA19: =F19+J19+N19+R19+V19+Z19 -> 0
A20: 15 | B20: 15 S AND | C20: BOMBA | D20: 50 | E20: ALCAPLANT | F20: 1.1 | G20: BOMBA | H20: 50 | K20: BOMBA | L20: 50 | O20: BOMBA | P20: 50 | S20: BOMBA | T20: 50 | W20: BOMBA | X20: 50 | AA20: =F20+J20+N20+R20+V20+Z20 -> 1.1
A21: 16 | B21: 16 S AND | C21: Fumigacion | D21: 7 | E21: Vitavax flo | F21: 2 | G21: Fumigacion | H21: 7 | I21: Agral | J21: 0.2 | K21: Fumigacion | L21: 7 | O21: Fumigacion | P21: 7 | S21: Fumigacion | T21: 7 | W21: Fumigacion | X21: 7 | AA21: =F21+J21+N21+R21+V21+Z21 -> 2.2
A22: 17 | B22: 17 S AND | AA22: =F22+J22+N22+R22+V22+Z22 -> 0
A23: 18 | B23: 18 S AND | C23: BOMBA | D23: 50 | E23: ALBA PAC | F23: 15 | G23: BOMBA | H23: 50 | K23: BOMBA | L23: 50 | O23: BOMBA | P23: 50 | S23: BOMBA | T23: 50 | W23: BOMBA | X23: 50 | AA23: =F23+J23+N23+R23+V23+Z23 -> 15 | AB23: 2 semanas antes de fin de cosecha. Reducir 750 gr de la aplicación de cal en la poda
A24: 19 | B24: 19 S AND | AA24: =F24+J24+N24+R24+V24+Z24 -> 0
A25: 20 | B25: 20 S AND | AA25: =F25+J25+N25+R25+V25+Z25 -> 0
B26: SIEMBRAS CLOUD
A27: SEM FENOLOGICA | B27: DRENCH BIOESTIMULANTE | C27: METODO DE APLICACIÓN 1 | D27: LITROS 1 CAMA | E27: PRODUCTO 1 | F27: CANTIDAD PRODCUTO 1 | G27: METODO DE APLICACIÓN 2 | H27: LITROS 2 CAMA | I27: PRODUCTO 2 | J27: CANTIDAD PRODCUTO 2 | K27: METODO DE APLICACIÓN 3 | L27: LITROS 3 CAMA | M27: PRODUCTO 3 | N27: CANTIDAD 6CC POR LITRO | O27: METODO DE APLICACIÓN 4 | P27: LITROS 4 CAMA | Q27: PRODUCTO 4 | R27: CANTIDAD 8CC POR LITRO | S27: METODO DE APLICACIÓN 5 | T27: LITROS 5 CAMA | U27: PRODUCTO 5 | V27: CANTIDAD EN FUNDAS | W27: METODO DE APLICACIÓN 6 | X27: LITROS 6 CAMA | Y27: PRODUCTO 6 | Z27: CANTIDAD PRODCUTO 6 | AA27: AA
A28: 1 | B28: 1 S CLO | C28: Fumigacion | D28: 4 | E28: Bioenergia | F28: 1 | G28: Fumigacion | H28: 4 | I28: Agral | J28: 0.2 | AA28: =F28+J28+N28+R28+V28+Z28 -> 1.2
A29: 2 | B29: 2 S CLO | C29: BOMBA | D29: 50 | E29: RAIZA | F29: 0.33 | G29: BOMBA | H29: 50 | I29: HUMISTAR WG | J29: 0.2 | K29: BOMBA | L29: 50 | M29: Serenade | N29: 0.18 | AA29: =F29+J29+N29+R29+V29+Z29 -> 0.71
A30: 3 | B30: 3 S CLO | C30: BOMBA | D30: 50 | E30: Alto 100 | F30: 0.64 | AA30: =F30+J30+N30+R30+V30+Z30 -> 0.64
A31: 4 | B31: 4 S CLO | C31: Fumigacion | D31: 7 | E31: FOLIOGOLD | F31: 2 | G31: Fumigacion | H31: 7 | I31: Agral | J31: 0.2 | AA31: =F31+J31+N31+R31+V31+Z31 -> 2.2
A32: 5 | B32: 5 S CLO | C32: BOMBA | D32: 50 | E32: RAIZA | F32: 0.33 | G32: BOMBA | H32: 50 | I32: HUMISTAR WG | J32: 0.2 | K32: BOMBA | L32: 50 | M32: Beauveria | N32: 6 | O32: BOMBA | P32: 50 | Q32: Paecilomyces | R32: 8 | S32: BOMBA | T32: 50 | U32: Trichoderma | V32: 1 | AA32: =F32+J32+N32+R32+V32+Z32 -> 15.53 | AB32: En foliar 2 cc / litro, No repetir la fumigación el mismo día
A33: 6 | B33: 6 S CLO | C33: Fumigacion | D33: 7 | E33: OZONIC | F33: 2 | G33: Fumigacion | H33: 7 | I33: Agral | J33: 0.2 | AA33: =F33+J33+N33+R33+V33+Z33 -> 2.2
A34: 7 | B34: 7 S CLO | C34: BOMBA | D34: 50 | E34: ALCAPLANT | F34: 1.1 | AA34: =F34+J34+N34+R34+V34+Z34 -> 1.1 | AB34: En foliar 0,8 cc / litro, No repetir la fumigación el mismo día
A35: 8 | B35: 8 S CLO | C35: BOMBA | D35: 50 | E35: NAKAR 20 EC | F35: 0.5 | G35: BOMBA | H35: 50 | I35: FUNGAFLOR | J35: 0.2 | AA35: =F35+J35+N35+R35+V35+Z35 -> 0.7
A36: 9 | B36: 9 S CLO | C36: BOMBA | D36: 50 | E36: RAIZA | F36: 0.33 | G36: BOMBA | H36: 50 | I36: HUMISTAR WG | J36: 0.2 | K36: BOMBA | L36: 50 | M36: Serenade | N36: 0.18 | AA36: =F36+J36+N36+R36+V36+Z36 -> 0.71
A37: 10 | B37: 10 S CLO | C37: BOMBA | D37: 50 | E37: Beauveria | F37: 6 | G37: BOMBA | H37: 50 | I37: Paecilomyces | J37: 8 | S37: BOMBA | T37: 50 | U37: Trichoderma | V37: 1 | AA37: =F37+J37+N37+R37+V37+Z37 -> 15
A38: 11 | B38: 11 S CLO | C38: Fumigacion | D38: 10 | E38: Bac | F38: 2 | G38: Fumigacion | H38: 10 | I38: Agral | J38: 0.2 | AA38: =F38+J38+N38+R38+V38+Z38 -> 2.2
A39: 12 | B39: 12 S CLO | C39: Boquilla B7 | D39: 7 | E39: Sulfex | F39: 1.5 | G39: Boquilla B7 | H39: 7 | I39: Agral | J39: 0.2 | AA39: =F39+J39+N39+R39+V39+Z39 -> 1.7
A40: 13 | B40: 13 S CLO | C40: BOMBA | D40: 50 | E40: ALCAPLANT | F40: 1.1 | AA40: =F40+J40+N40+R40+V40+Z40 -> 1.1
A41: 14 | B41: 14 S CLO | C41: BOMBA | D41: 50 | E41: Muriato de k blanco | F41: 1.25 | AA41: =F41+J41+N41+R41+V41+Z41 -> 1.25
A42: 15 | B42: 15 S CLO | C42: Boquilla B7 | D42: 7 | E42: Flutrialaq | F42: 0.4 | G42: Boquilla B7 | H42: 7 | I42: Agral | J42: 0.2 | AA42: =F42+J42+N42+R42+V42+Z42 -> 0.6
A43: 16 | B43: 16 S CLO | AA43: =F43+J43+N43+R43+V43+Z43 -> 0
A44: 17 | B44: 17 S CLO | AA44: =F44+J44+N44+R44+V44+Z44 -> 0
A45: 18 | B45: 18 S CLO | AA45: =F45+J45+N45+R45+V45+Z45 -> 0 | AB45: 2 semanas antes de fin de cosecha. Reducir 750 gr de la aplicación de cal en la poda
A46: 19 | B46: 19 S CLO | AA46: =F46+J46+N46+R46+V46+Z46 -> 0
A47: 20 | B47: 20 S CLO | AA47: =F47+J47+N47+R47+V47+Z47 -> 0
B48: SIEMBRAS XLENCE
A49: SEM FENOLOGICA | B49: DRENCH BIOESTIMULANTE | C49: METODO DE APLICACIÓN 1 | D49: LITROS 1 CAMA | E49: PRODUCTO 1 | F49: CANTIDAD PRODCUTO 1 | G49: METODO DE APLICACIÓN 2 | H49: LITROS 2 CAMA | I49: PRODUCTO 2 | J49: CANTIDAD PRODCUTO 2 | K49: METODO DE APLICACIÓN 3 | L49: LITROS 3 CAMA | M49: PRODUCTO 3 | N49: CANTIDAD 6CC POR LITRO | O49: METODO DE APLICACIÓN 4 | P49: LITROS 4 CAMA | Q49: PRODUCTO 4 | R49: CANTIDAD 8CC POR LITRO | S49: METODO DE APLICACIÓN 5 | T49: LITROS 5 CAMA | U49: PRODUCTO 5 | V49: CANTIDAD EN FUNDAS | W49: METODO DE APLICACIÓN 6 | X49: LITROS 6 CAMA | Y49: PRODUCTO 6 | Z49: CANTIDAD PRODCUTO 6 | AA49: AA
A50: 1 | B50: 1 S XL | C50: Fumigacion | D50: 4 | E50: Bioenergia | F50: 1 | G50: Fumigacion | H50: 4 | I50: Agral | J50: 0.2 | AA50: =F50+J50+N50+R50+V50+Z50 -> 1.2
A51: 2 | B51: 2 S XL | C51: BOMBA | D51: 50 | E51: RAIZA | F51: 0.33 | G51: BOMBA | H51: 50 | I51: HUMISTAR WG | J51: 0.2 | K51: BOMBA | L51: 50 | M51: Serenade | N51: 0.18 | AA51: =F51+J51+N51+R51+V51+Z51 -> 0.71
A52: 3 | B52: 3 S XL | C52: BOMBA | D52: 50 | E52: Alto 100 | F52: 0.64 | AA52: =F52+J52+N52+R52+V52+Z52 -> 0.64
A53: 4 | B53: 4 S XL | C53: BOMBA | D53: 50 | E53: ALCAPLANT | F53: 1.1 | AA53: =F53+J53+N53+R53+V53+Z53 -> 1.1 | AB53: En foliar 2 cc / litro, No repetir la fumigación el mismo día
A54: 5 | B54: 5 S XL | C54: BOMBA | D54: 50 | E54: RAIZA | F54: 0.33 | G54: BOMBA | H54: 50 | I54: HUMISTAR WG | J54: 0.2 | K54: BOMBA | L54: 50 | M54: Beauveria | N54: 6 | O54: BOMBA | P54: 50 | Q54: Paecilomyces | R54: 8 | S54: BOMBA | T54: 50 | U54: Trichoderma | V54: 1 | AA54: =F54+J54+N54+R54+V54+Z54 -> 15.53
A55: 6 | B55: 6 S XL | C55: Fumigacion | D55: 7 | E55: OZONIC | F55: 2 | G55: Fumigacion | H55: 7 | I55: Agral | J55: 0.2 | AA55: =F55+J55+N55+R55+V55+Z55 -> 2.2 | AB55: En foliar 0,8 cc / litro, No repetir la fumigación el mismo día
A56: 7 | B56: 7 S XL | C56: BOMBA | D56: 50 | E56: ALCAPLANT | F56: 1.1 | AA56: =F56+J56+N56+R56+V56+Z56 -> 1.1
A57: 8 | B57: 8 S XL | C57: BOMBA | D57: 50 | E57: NAKAR 20 EC | F57: 0.5 | G57: BOMBA | H57: 50 | I57: FUNGAFLOR | J57: 0.2 | AA57: =F57+J57+N57+R57+V57+Z57 -> 0.7
A58: 9 | B58: 9 S XL | C58: BOMBA | D58: 50 | E58: RAIZA | F58: 0.33 | G58: BOMBA | H58: 50 | I58: HUMISTAR WG | J58: 0.2 | K58: BOMBA | L58: 50 | M58: Serenade | N58: 0.18 | AA58: =F58+J58+N58+R58+V58+Z58 -> 0.71
A59: 10 | B59: 10 S XL | C59: BOMBA | D59: 50 | E59: Beauveria | F59: 6 | G59: BOMBA | H59: 50 | I59: Paecilomyces | J59: 8 | S59: BOMBA | T59: 50 | U59: Trichoderma | V59: 1 | AA59: =F59+J59+N59+R59+V59+Z59 -> 15
A60: 11 | B60: 11 S XL | C60: Fumigacion | D60: 10 | E60: Bac | F60: 2 | G60: Fumigacion | H60: 10 | I60: Agral | J60: 0.2 | AA60: =F60+J60+N60+R60+V60+Z60 -> 2.2
A61: 12 | B61: 12 S XL | C61: Boquilla B7 | D61: 7 | E61: Sulfex | F61: 1.5 | G61: Boquilla B7 | H61: 7 | I61: Agral | J61: 0.2 | AA61: =F61+J61+N61+R61+V61+Z61 -> 1.7
A62: 13 | B62: 13 S XL | C62: BOMBA | D62: 50 | E62: ALCAPLANT | F62: 1.1 | AA62: =F62+J62+N62+R62+V62+Z62 -> 1.1
A63: 14 | B63: 14 S XL | C63: Boquilla B7 | D63: 7 | E63: Flutrialaq | F63: 0.4 | G63: Boquilla B7 | H63: 7 | I63: Agral | J63: 0.2 | AA63: =F63+J63+N63+R63+V63+Z63 -> 0.6
A64: 15 | B64: 15 S XL | AA64: =F64+J64+N64+R64+V64+Z64 -> 0
A65: 16 | B65: 16 S XL | AA65: =F65+J65+N65+R65+V65+Z65 -> 0
A66: 17 | B66: 17 S XL | AA66: =F66+J66+N66+R66+V66+Z66 -> 0
A67: 18 | B67: 18 S XL | AA67: =F67+J67+N67+R67+V67+Z67 -> 0
A68: 19 | B68: 19 S XL | AA68: =F68+J68+N68+R68+V68+Z68 -> 0
A69: 20 | B69: 20 S XL | AA69: =F69+J69+N69+R69+V69+Z69 -> 0
B70: SIEMBRAS XLENCE FIVE STARS
A71: SEM FENOLOGICA | B71: DRENCH BIOESTIMULANTE | C71: METODO DE APLICACIÓN 1 | D71: LITROS 1 CAMA | E71: PRODUCTO 1 | F71: CANTIDAD PRODCUTO 1 | G71: METODO DE APLICACIÓN 2 | H71: LITROS 2 CAMA | I71: PRODUCTO 2 | J71: CANTIDAD PRODCUTO 2 | K71: METODO DE APLICACIÓN 3 | L71: LITROS 3 CAMA | M71: PRODUCTO 3 | N71: CANTIDAD 6CC POR LITRO | O71: METODO DE APLICACIÓN 4 | P71: LITROS 4 CAMA | Q71: PRODUCTO 4 | R71: CANTIDAD 8CC POR LITRO | S71: METODO DE APLICACIÓN 5 | T71: LITROS 5 CAMA | U71: PRODUCTO 5 | V71: CANTIDAD EN FUNDAS | W71: METODO DE APLICACIÓN 6 | X71: LITROS 6 CAMA | Y71: PRODUCTO 6 | Z71: CANTIDAD PRODCUTO 6 | AA71: AA
A72: 1 | B72: 1 S XLFS | C72: Fumigacion | D72: 4 | E72: Bioenergia | F72: 1 | G72: Fumigacion | H72: 4 | K72: Fumigacion | L72: 4 | O72: Fumigacion | P72: 4 | S72: Fumigacion | T72: 4 | W72: Fumigacion | X72: 4 | AA72: =F72+J72+N72+R72+V72+Z72 -> 1
A73: 2 | B73: 2 S XLFS | C73: BOMBA | D73: 50 | E73: RAIZA | F73: 0.33 | G73: BOMBA | H73: 50 | I73: Humistar WG | J73: 0.2 | K73: BOMBA | L73: 50 | M73: Beauveria | N73: 6 | O73: BOMBA | P73: 50 | Q73: Paecilomyces | R73: 8 | S73: BOMBA | T73: 50 | U73: Trichoderma | V73: 1 | W73: BOMBA | X73: 50 | AA73: =F73+J73+N73+R73+V73+Z73 -> 15.53
A74: 3 | B74: 3 S XLFS | C74: BOMBA | D74: 50 | E74: ALCAPLANT | F74: 1.1 | G74: BOMBA | H74: 50 | K74: BOMBA | L74: 50 | M74: Beauveria | N74: 6 | O74: BOMBA | P74: 50 | Q74: Paecilomyces | R74: 8 | S74: BOMBA | T74: 50 | W74: BOMBA | X74: 50 | AA74: =F74+J74+N74+R74+V74+Z74 -> 15.1
A75: 4 | B75: 4 S XLFS | C75: BOMBA | D75: 50 | E75: OZONIC | F75: 0.33 | G75: BOMBA | H75: 50 | K75: BOMBA | L75: 50 | O75: BOMBA | P75: 50 | S75: BOMBA | T75: 50 | W75: BOMBA | X75: 50 | AA75: =F75+J75+N75+R75+V75+Z75 -> 0.33 | AB75: En foliar 2 cc / litro, No repetir la fumigación el mismo día
A76: 5 | B76: 5 S XLFS | C76: BOMBA | D76: 50 | E76: ALCAPLANT | F76: 1.1 | G76: BOMBA | H76: 50 | K76: BOMBA | L76: 50 | M76: Beauveria | N76: 6 | O76: BOMBA | P76: 50 | Q76: Paecilomyces | R76: 8 | S76: BOMBA | T76: 50 | W76: BOMBA | X76: 50 | AA76: =F76+J76+N76+R76+V76+Z76 -> 15.1
A77: 6 | B77: 6 S XLFS | C77: BOMBA | D77: 50 | E77: Novak | F77: 0.48 | G77: BOMBA | H77: 50 | K77: BOMBA | L77: 50 | O77: BOMBA | P77: 50 | S77: BOMBA | T77: 50 | W77: BOMBA | X77: 50 | AA77: =F77+J77+N77+R77+V77+Z77 -> 0.48 | AB77: En foliar 0,8 cc / litro, No repetir la fumigación el mismo día
A78: 7 | B78: 7 S XLFS | C78: Fumigacion | D78: 10 | E78: Bac | F78: 2 | G78: Fumigacion | H78: 50 | I78: NAKAR 20 EC | J78: =25/50 -> 0.5 | K78: Fumigacion | L78: 50 | O78: Fumigacion | P78: 50 | S78: Fumigacion | T78: 50 | W78: Fumigacion | X78: 50 | AA78: =F78+J78+N78+R78+V78+Z78 -> 2.5
A79: 8 | B79: 8 S XLFS | C79: BOMBA | D79: 50 | E79: RAIZA | F79: 0.33 | G79: BOMBA | H79: 50 | K79: BOMBA | L79: 50 | M79: Beauveria | N79: 6 | O79: BOMBA | P79: 50 | Q79: Paecilomyces | R79: 8 | S79: BOMBA | T79: 50 | W79: BOMBA | X79: 50 | AA79: =F79+J79+N79+R79+V79+Z79 -> 14.33
A80: 9 | B80: 9 S XLFS | C80: BOMBA | D80: 50 | E80: TACHIGAREN 36% LS | F80: 0.25 | G80: BOMBA | H80: 50 | K80: BOMBA | L80: 50 | O80: BOMBA | P80: 50 | S80: BOMBA | T80: 50 | W80: BOMBA | X80: 50 | AA80: =F80+J80+N80+R80+V80+Z80 -> 0.25 | AB80: Solo para Five Stars
A81: 10 | B81: 10 S XLFS | C81: BOMBA | D81: 50 | E81: ALCAPLANT | F81: 1.1 | G81: BOMBA | H81: 50 | K81: BOMBA | L81: 50 | O81: BOMBA | P81: 50 | S81: BOMBA | T81: 50 | W81: BOMBA | X81: 50 | AA81: =F81+J81+N81+R81+V81+Z81 -> 1.1
A82: 11 | B82: 11 S XLFS | AA82: =F82+J82+N82+R82+V82+Z82 -> 0
A83: 12 | B83: 12 S XLFS | C83: Fumigacion | D83: 10 | E83: Bac | F83: 2 | G83: Fumigacion | H83: 10 | K83: Fumigacion | L83: 10 | O83: Fumigacion | P83: 10 | S83: Fumigacion | T83: 10 | W83: Fumigacion | X83: 10 | AA83: =F83+J83+N83+R83+V83+Z83 -> 2
A84: 13 | B84: 13 S XLFS | AA84: =F84+J84+N84+R84+V84+Z84 -> 0
A85: 14 | B85: 14 S XLFS | C85: BOMBA | D85: 50 | E85: ALCAPLANT | F85: 1.1 | G85: BOMBA | H85: 50 | K85: BOMBA | L85: 50 | O85: BOMBA | P85: 50 | S85: BOMBA | T85: 50 | W85: BOMBA | X85: 50 | AA85: =F85+J85+N85+R85+V85+Z85 -> 1.1
A86: 15 | B86: 15 S XLFS | C86: Fumigacion | D86: 7 | E86: Vitavax flo | F86: 2 | G86: Fumigacion | H86: 7 | I86: Agral | J86: 0.2 | K86: Fumigacion | L86: 7 | O86: Fumigacion | P86: 7 | S86: Fumigacion | T86: 7 | W86: Fumigacion | X86: 7 | AA86: =F86+J86+N86+R86+V86+Z86 -> 2.2
A87: 16 | B87: 16 S XLFS | C87: BOMBA | D87: 50 | E87: ALCAPLANT | F87: 1.1 | G87: BOMBA | H87: 50 | K87: BOMBA | L87: 50 | O87: BOMBA | P87: 50 | S87: BOMBA | T87: 50 | W87: BOMBA | X87: 50 | AA87: =F87+J87+N87+R87+V87+Z87 -> 1.1
A88: 17 | B88: 17 S XLFS | AA88: =F88+J88+N88+R88+V88+Z88 -> 0
A89: 18 | B89: 18 S XLFS | AA89: =F89+J89+N89+R89+V89+Z89 -> 0
A90: 19 | B90: 19 S XLFS | AA90: =F90+J90+N90+R90+V90+Z90 -> 0
A91: 20 | B91: 20 S XLFS | AA91: =F91+J91+N91+R91+V91+Z91 -> 0
B92: PODAS MONTEALBO
A93: SEM FENOLOGICA | B93: DRENCH BIOESTIMULANTE | C93: METODO DE APLICACIÓN 1 | D93: LITROS 1 CAMA | E93: PRODUCTO 1 | F93: CANTIDAD PRODCUTO 1 | G93: METODO DE APLICACIÓN 2 | H93: LITROS 2 CAMA | I93: PRODUCTO 2 | J93: CANTIDAD PRODCUTO 2 | K93: METODO DE APLICACIÓN 3 | L93: LITROS 3 CAMA | M93: PRODUCTO 3 | N93: CANTIDAD 6CC POR LITRO | O93: METODO DE APLICACIÓN 4 | P93: LITROS 4 CAMA | Q93: PRODUCTO 4 | R93: CANTIDAD 8CC POR LITRO | S93: METODO DE APLICACIÓN 5 | T93: LITROS 5 CAMA | U93: PRODUCTO 5 | V93: CANTIDAD EN FUNDAS | W93: METODO DE APLICACIÓN 6 | X93: LITROS 6 CAMA | Y93: PRODUCTO 6 | Z93: CANTIDAD PRODCUTO 6 | AA93: AA
A94: 1 | B94: 1 P AND | C94: Fumigacion | D94: 7 | E94: Vitavax flo | F94: 2 | G94: Fumigacion | H94: 7 | I94: KOCIDE 101 77% | J94: 2 | K94: Fumigacion | L94: 7 | O94: Fumigacion | P94: 7 | S94: Fumigacion | T94: 7 | W94: Fumigacion | X94: 7 | AA94: =F94+J94+N94+R94+V94+Z94 -> 4 | AB94: El mismo día de la poda
A95: 2 | B95: 2 P AND | C95: Fumigacion | D95: 15 | E95: PARALANCHA | F95: 2 | G95: Fumigacion | H95: 15 | K95: Fumigacion | L95: 15 | O95: Fumigacion | P95: 15 | S95: Fumigacion | T95: 15 | W95: Fumigacion | X95: 15 | AA95: =F95+J95+N95+R95+V95+Z95 -> 2
A96: 3 | B96: 3 P AND | C96: BOMBA | D96: 50 | E96: RAIZA | F96: 0.33 | G96: BOMBA | H96: 50 | I96: Humistar WG | J96: 0.2 | K96: BOMBA | L96: 50 | O96: BOMBA | P96: 50 | S96: BOMBA | T96: 50 | U96: Trichoderma | V96: 1 | W96: BOMBA | X96: 50 | AA96: =F96+J96+N96+R96+V96+Z96 -> 1.53
A97: 4 | B97: 4 P AND | C97: VENTURY | D97: 50 | E97: Nitrato calcio | F97: 2.5 | G97: VENTURY | H97: 50 | K97: VENTURY | L97: 50 | M97: Beauveria | N97: 6 | O97: VENTURY | P97: 50 | Q97: Paecilomyces | R97: 8 | S97: VENTURY | T97: 50 | U97: Trichoderma | V97: 1 | W97: VENTURY | X97: 50 | AA97: =F97+J97+N97+R97+V97+Z97 -> 17.5 | AB97: solo en vénturi
A98: 5 | B98: 5 P AND | C98: Fumigacion | D98: 15 | E98: OZONIC | F98: 2 | G98: Fumigacion | H98: 15 | K98: Fumigacion | L98: 15 | O98: Fumigacion | P98: 15 | S98: Fumigacion | T98: 15 | W98: Fumigacion | X98: 15 | AA98: =F98+J98+N98+R98+V98+Z98 -> 2
A99: 6 | B99: 6 P AND | C99: BOMBA | D99: 50 | E99: ALCAPLANT | F99: 1.1 | G99: BOMBA | H99: 50 | K99: BOMBA | L99: 50 | O99: BOMBA | P99: 50 | S99: BOMBA | T99: 50 | W99: BOMBA | X99: 50 | AA99: =F99+J99+N99+R99+V99+Z99 -> 1.1
A100: 7 | B100: 7 P AND | C100: Fumigacion | D100: 10 | E100: Novak / Sportak | F100: 0.8 | G100: Fumigacion | H100: 50 | I100: NAKAR 20 EC | J100: =25/50 -> 0.5 | K100: Fumigacion | L100: 50 | O100: Fumigacion | P100: 50 | S100: Fumigacion | T100: 50 | W100: Fumigacion | X100: 50 | AA100: =F100+J100+N100+R100+V100+Z100 -> 1.3
...

Sheet PROGRAMA DRENCH PASO 1
A1: =IF(($J$1-C1)<=52,($J$1-C1-100+52+1),($J$1-C1+1)) -> #VALUE! | B1: =IF(($J$1-D1)>=52,($J$1-D1-100+52+1),IF(($J$1-D1)<=48,($J$1-D1+100-52-1),($J$1-D1+1))) -> 2572 | C1: PROGRAMACION PARA DRENCH | I1: 46146 | J1: =MID(YEAR(I1),3,2)&IF(AND(WEEKNUM(I1,17)<=9,WEEKNUM(I1,17)>=1),"0"&(WEEKNUM(I1,17)),WEEKNUM(I1)) -> 2619 | M1: PESAR | Q1: PESAR | U1: PESAR | Y1: PESAR | AC1: PESAR | AG1: PESAR
A2: SEM FENOLOGICA | B2: BLOQUE | C2: SEM P/S | D2: AREA | E2: PODA SIEMBRA | F2: VARIEDAD | G2: P/S | H2: CATEGORIA FENOLOGICA | I2: # CAMAS 30M2 | J2: HRS | K2: LITROS 1 CAMA | L2: PRODUCTO 1 | M2: CANTIDAD PRODCUTO 1 | N2: LITROS BLOQUE | O2: LITROS 2 CAMA | P2: PRODUCTO 2 | Q2: CANTIDAD PRODCUTO 2 | R2: LITROS BLOQUE | S2: LITROS 3 CAMA | T2: PRODUCTO 3 | U2: CANTIDAD 6CC POR LITRO | V2: LITROS BLOQUE | W2: LITROS 4 CAMA | X2: PRODUCTO 4 | Y2: CANTIDAD 8CC POR LITRO | Z2: LITROS BLOQUE | AA2: LITROS 5 CAMA | AB2: PRODUCTO 5 | AC2: CANTIDAD EN FUNDAS | AD2: LITROS BLOQUE | AE2: LITROS 6 CAMA | AF2: PRODUCTO 6 | AG2: CANTIDAD PRODCUTO 6 | AH2: LITROS 6 CAMA | AI2: AA
A3: =IF(($J$1-C3)>=52,($J$1-C3-100+52+1),($J$1-C3+1)) -> 15 | B3: 27 | C3: 2605 | D3: CV | E3: P1 | F3: CLO | G3: =MID(E3,1,1) -> P | H3: =CONCATENATE(A3," ",G3," ",F3) -> 15 P CLO | I3: =IF(D3="MM1",VLOOKUP($B3,'Inf Bloques'!$A$1:$K$453,11,FALSE)*1,VLOOKUP($B3,'Inf Bloques'!$A$1:$K$453,11,FALSE)) -> 37.95155 | J3: =I3/9 -> 4.2168389 | K3: =IFERROR(ROUND(IF($D3="SSJ",(VLOOKUP($H3,'Programa Drench'!$B$6:$AA$182,MATCH(K$2,'Programa Drench'!$B$5:$AA$5,0),FALSE)),VLOOKUP($H3,'Programa Drench'!$B$6:$AA$182,MATCH(K$2,'Programa Drench'!$B$5:$AA$5,0),FALSE)),1),0) -> 7 | L3: =IFERROR((VLOOKUP($H3,'Programa Drench'!$B$6:$AA$182,MATCH(L$2,'Programa Drench'!$B$5:$AA$5,0),FALSE)),0) -> Flutrialaq | M3: =IFERROR((VLOOKUP($H3,'Programa Drench'!$B$6:$AA$182,MATCH(M$2,'Programa Drench'!$B$5:$AA$5,0),FALSE)*N3),0) -> 108 | N3: =IFERROR(ROUND((K3*$I3),-1),0) -> 270 | O3: =IFERROR(ROUND(IF($D3="SSJ",(VLOOKUP($H3,'Programa Drench'!$B$6:$AA$182,MATCH(O$2,'Programa Drench'!$B$5:$AA$5,0),FALSE)),VLOOKUP($H3,'Programa Drench'!$B$6:$AA$182,MATCH(O$2,'Programa Drench'!$B$5:$AA$5,0),FALSE)),1),0) -> 7 | P3: =IFERROR((VLOOKUP($H3,'Programa Drench'!$B$6:$AA$182,MATCH(P$2,'Programa Drench'!$B$5:$AA$5,0),FALSE)),0) -> Agral | Q3: =IFERROR((VLOOKUP($H3,'Programa Drench'!$B$6:$AA$182,MATCH(Q$2,'Programa Drench'!$B$5:$AA$5,0),FALSE)*R3),0) -> 54 | R3: =IFERROR(ROUND((O3*$I3),-1),0) -> 270 | S3: =IFERROR(ROUND(IF($D3="SSJ",(VLOOKUP($H3,'Programa Drench'!$B$6:$AA$182,MATCH(S$2,'Programa Drench'!$B$5:$AA$5,0),FALSE)),VLOOKUP($H3,'Programa Drench'!$B$6:$AA$182,MATCH(S$2,'Programa Drench'!$B$5:$AA$5,0),FALSE)),1),0) -> 0 | T3: =IFERROR((VLOOKUP($H3,'Programa Drench'!$B$6:$AA$182,MATCH(T$2,'Programa Drench'!$B$5:$AA$5,0),FALSE)),0) -> 0 | U3: =IFERROR((VLOOKUP($H3,'Programa Drench'!$B$6:$AA$182,MATCH(U$2,'Programa Drench'!$B$5:$AA$5,0),FALSE)*V3),0) -> 0 | V3: =IFERROR(ROUND((S3*$I3),-1),0) -> 0 | W3: =IFERROR(ROUND(IF($D3="SSJ",(VLOOKUP($H3,'Programa Drench'!$B$6:$AA$182,MATCH(W$2,'Programa Drench'!$B$5:$AA$5,0),FALSE)),VLOOKUP($H3,'Programa Drench'!$B$6:$AA$182,MATCH(W$2,'Programa Drench'!$B$5:$AA$5,0),FALSE)),1),0) -> 0 | X3: =IFERROR((VLOOKUP($H3,'Programa Drench'!$B$6:$AA$182,MATCH(X$2,'Programa Drench'!$B$5:$AA$5,0),FALSE)),0) -> 0 | Y3: =IFERROR((VLOOKUP($H3,'Programa Drench'!$B$6:$AA$182,MATCH(Y$2,'Programa Drench'!$B$5:$AA$5,0),FALSE)*Z3),0) -> 0 | Z3: =IFERROR(ROUND((W3*$I3),-1),0) -> 0 | AA3: =IFERROR(ROUND(IF($D3="SSJ",(VLOOKUP($H3,'Programa Drench'!$B$6:$AA$182,MATCH(AA$2,'Programa Drench'!$B$5:$AA$5,0),FALSE)),VLOOKUP($H3,'Programa Drench'!$B$6:$AA$182,MATCH(AA$2,'Programa Drench'!$B$5:$AA$5,0),FALSE)),1),0) -> 0 | AB3: =IFERROR((VLOOKUP($H3,'Programa Drench'!$B$6:$AA$182,MATCH(AB$2,'Programa Drench'!$B$5:$AA$5,0),FALSE)),0) -> 0 | AC3: =IFERROR((VLOOKUP($H3,'Programa Drench'!$B$6:$AA$182,MATCH(AC$2,'Programa Drench'!$B$5:$AA$5,0),FALSE)*$I3),0) -> 0 | AD3: =IFERROR(ROUND((AA3*$I3),-1),0) -> 0 | AE3: =IFERROR(ROUND((VLOOKUP($H3,'Programa Drench'!$B$6:$AA$182,MATCH(AE$2,'Programa Drench'!$B$5:$AA$5,0),FALSE)),-1),0) -> 0 | AF3: =IFERROR((VLOOKUP($H3,'Programa Drench'!$B$6:$AA$182,MATCH(AF$2,'Programa Drench'!$B$5:$AA$5,0),FALSE)),0) -> 0 | AG3: =IFERROR((VLOOKUP($H3,'Programa Drench'!$B$6:$AA$182,MATCH(AG$2,'Programa Drench'!$B$5:$AA$5,0),FALSE)*AH3),0) -> 0 | AH3: =IFERROR(ROUND((VLOOKUP($H3,'Programa Drench'!$B$6:$AA$182,MATCH(AH$2,'Programa Drench'!$B$5:$AA$5,0),FALSE)*$I3),-1),0) -> 0 | AI3: =IFERROR((VLOOKUP($H3,'Programa Drench'!$B$6:$AA$182,MATCH(AI$2,'Programa Drench'!$B$5:$AA$5,0),FALSE)),0) -> 0.6
A4: =IF(($J$1-C4)>=52,($J$1-C4-100+52+1),($J$1-C4+1)) -> 12 | B4: 5 | C4: 2608 | D4: CV | E4: P3 | F4: XL | G4: =MID(E4,1,1) -> P | H4: =CONCATENATE(A4," ",G4," ",F4) -> 12 P XL | I4: =IF(D4="MM1",VLOOKUP($B4,'Inf Bloques'!$A$1:$K$453,11,FALSE)*1,VLOOKUP($B4,'Inf Bloques'!$A$1:$K$453,11,FALSE)) -> 33.28705 | J4: =I4/9 -> 3.6985611 | K4: =IFERROR(ROUND(IF($D4="SSJ",(VLOOKUP($H4,'Programa Drench'!$B$6:$AA$182,MATCH(K$2,'Programa Drench'!$B$5:$AA$5,0),FALSE)),VLOOKUP($H4,'Programa Drench'!$B$6:$AA$182,MATCH(K$2,'Programa Drench'!$B$5:$AA$5,0),FALSE)),1),0) -> 50 | L4: =IFERROR((VLOOKUP($H4,'Programa Drench'!$B$6:$AA$182,MATCH(L$2,'Programa Drench'!$B$5:$AA$5,0),FALSE)),0) -> ALCAPLANT | M4: =IFERROR((VLOOKUP($H4,'Programa Drench'!$B$6:$AA$182,MATCH(M$2,'Programa Drench'!$B$5:$AA$5,0),FALSE)*N4),0) -> 1826 | N4: =IFERROR(ROUND((K4*$I4),-1),0) -> 1660 | O4: =IFERROR(ROUND(IF($D4="SSJ",(VLOOKUP($H4,'Programa Drench'!$B$6:$AA$182,MATCH(O$2,'Programa Drench'!$B$5:$AA$5,0),FALSE)),VLOOKUP($H4,'Programa Drench'!$B$6:$AA$182,MATCH(O$2,'Programa Drench'!$B$5:$AA$5,0),FALSE)),1),0) -> 0 | P4: =IFERROR((VLOOKUP($H4,'Programa Drench'!$B$6:$AA$182,MATCH(P$2,'Programa Drench'!$B$5:$AA$5,0),FALSE)),0) -> 0 | Q4: =IFERROR((VLOOKUP($H4,'Programa Drench'!$B$6:$AA$182,MATCH(Q$2,'Programa Drench'!$B$5:$AA$5,0),FALSE)*R4),0) -> 0 | R4: =IFERROR(ROUND((O4*$I4),-1),0) -> 0 | S4: =IFERROR(ROUND(IF($D4="SSJ",(VLOOKUP($H4,'Programa Drench'!$B$6:$AA$182,MATCH(S$2,'Programa Drench'!$B$5:$AA$5,0),FALSE)),VLOOKUP($H4,'Programa Drench'!$B$6:$AA$182,MATCH(S$2,'Programa Drench'!$B$5:$AA$5,0),FALSE)),1),0) -> 0 | T4: =IFERROR((VLOOKUP($H4,'Programa Drench'!$B$6:$AA$182,MATCH(T$2,'Programa Drench'!$B$5:$AA$5,0),FALSE)),0) -> 0 | U4: =IFERROR((VLOOKUP($H4,'Programa Drench'!$B$6:$AA$182,MATCH(U$2,'Programa Drench'!$B$5:$AA$5,0),FALSE)*V4),0) -> 0 | V4: =IFERROR(ROUND((S4*$I4),-1),0) -> 0 | W4: =IFERROR(ROUND(IF($D4="SSJ",(VLOOKUP($H4,'Programa Drench'!$B$6:$AA$182,MATCH(W$2,'Programa Drench'!$B$5:$AA$5,0),FALSE)),VLOOKUP($H4,'Programa Drench'!$B$6:$AA$182,MATCH(W$2,'Programa Drench'!$B$5:$AA$5,0),FALSE)),1),0) -> 0 | X4: =IFERROR((VLOOKUP($H4,'Programa Drench'!$B$6:$AA$182,MATCH(X$2,'Programa Drench'!$B$5:$AA$5,0),FALSE)),0) -> 0 | Y4: =IFERROR((VLOOKUP($H4,'Programa Drench'!$B$6:$AA$182,MATCH(Y$2,'Programa Drench'!$B$5:$AA$5,0),FALSE)*Z4),0) -> 0 | Z4: =IFERROR(ROUND((W4*$I4),-1),0) -> 0 | AA4: =IFERROR(ROUND(IF($D4="SSJ",(VLOOKUP($H4,'Programa Drench'!$B$6:$AA$182,MATCH(AA$2,'Programa Drench'!$B$5:$AA$5,0),FALSE)),VLOOKUP($H4,'Programa Drench'!$B$6:$AA$182,MATCH(AA$2,'Programa Drench'!$B$5:$AA$5,0),FALSE)),1),0) -> 0 | AB4: =IFERROR((VLOOKUP($H4,'Programa Drench'!$B$6:$AA$182,MATCH(AB$2,'Programa Drench'!$B$5:$AA$5,0),FALSE)),0) -> 0 | AC4: =IFERROR((VLOOKUP($H4,'Programa Drench'!$B$6:$AA$182,MATCH(AC$2,'Programa Drench'!$B$5:$AA$5,0),FALSE)*$I4),0) -> 0 | AD4: =IFERROR(ROUND((AA4*$I4),-1),0) -> 0 | AE4: =IFERROR(ROUND((VLOOKUP($H4,'Programa Drench'!$B$6:$AA$182,MATCH(AE$2,'Programa Drench'!$B$5:$AA$5,0),FALSE)),-1),0) -> 0 | AF4: =IFERROR((VLOOKUP($H4,'Programa Drench'!$B$6:$AA$182,MATCH(AF$2,'Programa Drench'!$B$5:$AA$5,0),FALSE)),0) -> 0 | AG4: =IFERROR((VLOOKUP($H4,'Programa Drench'!$B$6:$AA$182,MATCH(AG$2,'Programa Drench'!$B$5:$AA$5,0),FALSE)*AH4),0) -> 0 | AH4: =IFERROR(ROUND((VLOOKUP($H4,'Programa Drench'!$B$6:$AA$182,MATCH(AH$2,'Programa Drench'!$B$5:$AA$5,0),FALSE)*$I4),-1),0) -> 0 | AI4: =IFERROR((VLOOKUP($H4,'Programa Drench'!$B$6:$AA$182,MATCH(AI$2,'Programa Drench'!$B$5:$AA$5,0),FALSE)),0) -> 1.1
A5: =IF(($J$1-C5)>=52,($J$1-C5-100+52+1),($J$1-C5+1)) -> 12 | B5: 15 | C5: 2608 | D5: CV | E5: P3 | F5: XL | G5: =MID(E5,1,1) -> P | H5: =CONCATENATE(A5," ",G5," ",F5) -> 12 P XL | I5: =IF(D5="MM1",VLOOKUP($B5,'Inf Bloques'!$A$1:$K$453,11,FALSE)*1,VLOOKUP($B5,'Inf Bloques'!$A$1:$K$453,11,FALSE)) -> 39.546833 | J5: =I5/9 -> 4.3940926 | K5: =IFERROR(ROUND(IF($D5="SSJ",(VLOOKUP($H5,'Programa Drench'!$B$6:$AA$182,MATCH(K$2,'Programa Drench'!$B$5:$AA$5,0),FALSE)),VLOOKUP($H5,'Programa Drench'!$B$6:$AA$182,MATCH(K$2,'Programa Drench'!$B$5:$AA$5,0),FALSE)),1),0) -> 50 | L5: =IFERROR((VLOOKUP($H5,'Programa Drench'!$B$6:$AA$182,MATCH(L$2,'Programa Drench'!$B$5:$AA$5,0),FALSE)),0) -> ALCAPLANT | M5: =IFERROR((VLOOKUP($H5,'Programa Drench'!$B$6:$AA$182,MATCH(M$2,'Programa Drench'!$B$5:$AA$5,0),FALSE)*N5),0) -> 2178 | N5: =IFERROR(ROUND((K5*$I5),-1),0) -> 1980 | O5: =IFERROR(ROUND(IF($D5="SSJ",(VLOOKUP($H5,'Programa Drench'!$B$6:$AA$182,MATCH(O$2,'Programa Drench'!$B$5:$AA$5,0),FALSE)),VLOOKUP($H5,'Programa Drench'!$B$6:$AA$182,MATCH(O$2,'Programa Drench'!$B$5:$AA$5,0),FALSE)),1),0) -> 0 | P5: =IFERROR((VLOOKUP($H5,'Programa Drench'!$B$6:$AA$182,MATCH(P$2,'Programa Drench'!$B$5:$AA$5,0),FALSE)),0) -> 0 | Q5: =IFERROR((VLOOKUP($H5,'Programa Drench'!$B$6:$AA$182,MATCH(Q$2,'Programa Drench'!$B$5:$AA$5,0),FALSE)*R5),0) -> 0 | R5: =IFERROR(ROUND((O5*$I5),-1),0) -> 0 | S5: =IFERROR(ROUND(IF($D5="SSJ",(VLOOKUP($H5,'Programa Drench'!$B$6:$AA$182,MATCH(S$2,'Programa Drench'!$B$5:$AA$5,0),FALSE)),VLOOKUP($H5,'Programa Drench'!$B$6:$AA$182,MATCH(S$2,'Programa Drench'!$B$5:$AA$5,0),FALSE)),1),0) -> 0 | T5: =IFERROR((VLOOKUP($H5,'Programa Drench'!$B$6:$AA$182,MATCH(T$2,'Programa Drench'!$B$5:$AA$5,0),FALSE)),0) -> 0 | U5: =IFERROR((VLOOKUP($H5,'Programa Drench'!$B$6:$AA$182,MATCH(U$2,'Programa Drench'!$B$5:$AA$5,0),FALSE)*V5),0) -> 0 | V5: =IFERROR(ROUND((S5*$I5),-1),0) -> 0 | W5: =IFERROR(ROUND(IF($D5="SSJ",(VLOOKUP($H5,'Programa Drench'!$B$6:$AA$182,MATCH(W$2,'Programa Drench'!$B$5:$AA$5,0),FALSE)),VLOOKUP($H5,'Programa Drench'!$B$6:$AA$182,MATCH(W$2,'Programa Drench'!$B$5:$AA$5,0),FALSE)),1),0) -> 0 | X5: =IFERROR((VLOOKUP($H5,'Programa Drench'!$B$6:$AA$182,MATCH(X$2,'Programa Drench'!$B$5:$AA$5,0),FALSE)),0) -> 0 | Y5: =IFERROR((VLOOKUP($H5,'Programa Drench'!$B$6:$AA$182,MATCH(Y$2,'Programa Drench'!$B$5:$AA$5,0),FALSE)*Z5),0) -> 0 | Z5: =IFERROR(ROUND((W5*$I5),-1),0) -> 0 | AA5: =IFERROR(ROUND(IF($D5="SSJ",(VLOOKUP($H5,'Programa Drench'!$B$6:$AA$182,MATCH(AA$2,'Programa Drench'!$B$5:$AA$5,0),FALSE)),VLOOKUP($H5,'Programa Drench'!$B$6:$AA$182,MATCH(AA$2,'Programa Drench'!$B$5:$AA$5,0),FALSE)),1),0) -> 0 | AB5: =IFERROR((VLOOKUP($H5,'Programa Drench'!$B$6:$AA$182,MATCH(AB$2,'Programa Drench'!$B$5:$AA$5,0),FALSE)),0) -> 0 | AC5: =IFERROR((VLOOKUP($H5,'Programa Drench'!$B$6:$AA$182,MATCH(AC$2,'Programa Drench'!$B$5:$AA$5,0),FALSE)*$I5),0) -> 0 | AD5: =IFERROR(ROUND((AA5*$I5),-1),0) -> 0 | AE5: =IFERROR(ROUND((VLOOKUP($H5,'Programa Drench'!$B$6:$AA$182,MATCH(AE$2,'Programa Drench'!$B$5:$AA$5,0),FALSE)),-1),0) -> 0 | AF5: =IFERROR((VLOOKUP($H5,'Programa Drench'!$B$6:$AA$182,MATCH(AF$2,'Programa Drench'!$B$5:$AA$5,0),FALSE)),0) -> 0 | AG5: =IFERROR((VLOOKUP($H5,'Programa Drench'!$B$6:$AA$182,MATCH(AG$2,'Programa Drench'!$B$5:$AA$5,0),FALSE)*AH5),0) -> 0 | AH5: =IFERROR(ROUND((VLOOKUP($H5,'Programa Drench'!$B$6:$AA$182,MATCH(AH$2,'Programa Drench'!$B$5:$AA$5,0),FALSE)*$I5),-1),0) -> 0 | AI5: =IFERROR((VLOOKUP($H5,'Programa Drench'!$B$6:$AA$182,MATCH(AI$2,'Programa Drench'!$B$5:$AA$5,0),FALSE)),0) -> 1.1
A6: =IF(($J$1-C6)>=52,($J$1-C6-100+52+1),($J$1-C6+1)) -> 12 | B6: 22 | C6: 2608 | D6: CV | E6: S | F6: XL | G6: =MID(E6,1,1) -> S | H6: =CONCATENATE(A6," ",G6," ",F6) -> 12 S XL | I6: =IF(D6="MM1",VLOOKUP($B6,'Inf Bloques'!$A$1:$K$453,11,FALSE)*1,VLOOKUP($B6,'Inf Bloques'!$A$1:$K$453,11,FALSE)) -> 39.072 | J6: =I6/9 -> 4.3413333 | K6: =IFERROR(ROUND(IF($D6="SSJ",(VLOOKUP($H6,'Programa Drench'!$B$6:$AA$182,MATCH(K$2,'Programa Drench'!$B$5:$AA$5,0),FALSE)),VLOOKUP($H6,'Programa Drench'!$B$6:$AA$182,MATCH(K$2,'Programa Drench'!$B$5:$AA$5,0),FALSE)),1),0) -> 7 | L6: =IFERROR((VLOOKUP($H6,'Programa Drench'!$B$6:$AA$182,MATCH(L$2,'Programa Drench'!$B$5:$AA$5,0),FALSE)),0) -> Sulfex | M6: =IFERROR((VLOOKUP($H6,'Programa Drench'!$B$6:$AA$182,MATCH(M$2,'Programa Drench'!$B$5:$AA$5,0),FALSE)*N6),0) -> 405 | N6: =IFERROR(ROUND((K6*$I6),-1),0) -> 270 | O6: =IFERROR(ROUND(IF($D6="SSJ",(VLOOKUP($H6,'Programa Drench'!$B$6:$AA$182,MATCH(O$2,'Programa Drench'!$B$5:$AA$5,0),FALSE)),VLOOKUP($H6,'Programa Drench'!$B$6:$AA$182,MATCH(O$2,'Programa Drench'!$B$5:$AA$5,0),FALSE)),1),0) -> 7 | P6: =IFERROR((VLOOKUP($H6,'Programa Drench'!$B$6:$AA$182,MATCH(P$2,'Programa Drench'!$B$5:$AA$5,0),FALSE)),0) -> Agral | Q6: =IFERROR((VLOOKUP($H6,'Programa Drench'!$B$6:$AA$182,MATCH(Q$2,'Programa Drench'!$B$5:$AA$5,0),FALSE)*R6),0) -> 54 | R6: =IFERROR(ROUND((O6*$I6),-1),0) -> 270 | S6: =IFERROR(ROUND(IF($D6="SSJ",(VLOOKUP($H6,'Programa Drench'!$B$6:$AA$182,MATCH(S$2,'Programa Drench'!$B$5:$AA$5,0),FALSE)),VLOOKUP($H6,'Programa Drench'!$B$6:$AA$182,MATCH(S$2,'Programa Drench'!$B$5:$AA$5,0),FALSE)),1),0) -> 0 | T6: =IFERROR((VLOOKUP($H6,'Programa Drench'!$B$6:$AA$182,MATCH(T$2,'Programa Drench'!$B$5:$AA$5,0),FALSE)),0) -> 0 | U6: =IFERROR((VLOOKUP($H6,'Programa Drench'!$B$6:$AA$182,MATCH(U$2,'Programa Drench'!$B$5:$AA$5,0),FALSE)*V6),0) -> 0 | V6: =IFERROR(ROUND((S6*$I6),-1),0) -> 0 | W6: =IFERROR(ROUND(IF($D6="SSJ",(VLOOKUP($H6,'Programa Drench'!$B$6:$AA$182,MATCH(W$2,'Programa Drench'!$B$5:$AA$5,0),FALSE)),VLOOKUP($H6,'Programa Drench'!$B$6:$AA$182,MATCH(W$2,'Programa Drench'!$B$5:$AA$5,0),FALSE)),1),0) -> 0 | X6: =IFERROR((VLOOKUP($H6,'Programa Drench'!$B$6:$AA$182,MATCH(X$2,'Programa Drench'!$B$5:$AA$5,0),FALSE)),0) -> 0 | Y6: =IFERROR((VLOOKUP($H6,'Programa Drench'!$B$6:$AA$182,MATCH(Y$2,'Programa Drench'!$B$5:$AA$5,0),FALSE)*Z6),0) -> 0 | Z6: =IFERROR(ROUND((W6*$I6),-1),0) -> 0 | AA6: =IFERROR(ROUND(IF($D6="SSJ",(VLOOKUP($H6,'Programa Drench'!$B$6:$AA$182,MATCH(AA$2,'Programa Drench'!$B$5:$AA$5,0),FALSE)),VLOOKUP($H6,'Programa Drench'!$B$6:$AA$182,MATCH(AA$2,'Programa Drench'!$B$5:$AA$5,0),FALSE)),1),0) -> 0 | AB6: =IFERROR((VLOOKUP($H6,'Programa Drench'!$B$6:$AA$182,MATCH(AB$2,'Programa Drench'!$B$5:$AA$5,0),FALSE)),0) -> 0 | AC6: =IFERROR((VLOOKUP($H6,'Programa Drench'!$B$6:$AA$182,MATCH(AC$2,'Programa Drench'!$B$5:$AA$5,0),FALSE)*$I6),0) -> 0 | AD6: =IFERROR(ROUND((AA6*$I6),-1),0) -> 0 | AE6: =IFERROR(ROUND((VLOOKUP($H6,'Programa Drench'!$B$6:$AA$182,MATCH(AE$2,'Programa Drench'!$B$5:$AA$5,0),FALSE)),-1),0) -> 0 | AF6: =IFERROR((VLOOKUP($H6,'Programa Drench'!$B$6:$AA$182,MATCH(AF$2,'Programa Drench'!$B$5:$AA$5,0),FALSE)),0) -> 0 | AG6: =IFERROR((VLOOKUP($H6,'Programa Drench'!$B$6:$AA$182,MATCH(AG$2,'Programa Drench'!$B$5:$AA$5,0),FALSE)*AH6),0) -> 0 | AH6: =IFERROR(ROUND((VLOOKUP($H6,'Programa Drench'!$B$6:$AA$182,MATCH(AH$2,'Programa Drench'!$B$5:$AA$5,0),FALSE)*$I6),-1),0) -> 0 | AI6: =IFERROR((VLOOKUP($H6,'Programa Drench'!$B$6:$AA$182,MATCH(AI$2,'Programa Drench'!$B$5:$AA$5,0),FALSE)),0) -> 1.7
A7: =IF(($J$1-C7)>=52,($J$1-C7-100+52+1),($J$1-C7+1)) -> 12 | B7: 23 | C7: 2608 | D7: CV | E7: P3 | F7: XL | G7: =MID(E7,1,1) -> P | H7: =CONCATENATE(A7," ",G7," ",F7) -> 12 P XL | I7: =IF(D7="MM1",VLOOKUP($B7,'Inf Bloques'!$A$1:$K$453,11,FALSE)*1,VLOOKUP($B7,'Inf Bloques'!$A$1:$K$453,11,FALSE)) -> 38.97565 | J7: =I7/9 -> 4.3306278 | K7: =IFERROR(ROUND(IF($D7="SSJ",(VLOOKUP($H7,'Programa Drench'!$B$6:$AA$182,MATCH(K$2,'Programa Drench'!$B$5:$AA$5,0),FALSE)),VLOOKUP($H7,'Programa Drench'!$B$6:$AA$182,MATCH(K$2,'Programa Drench'!$B$5:$AA$5,0),FALSE)),1),0) -> 50 | L7: =IFERROR((VLOOKUP($H7,'Programa Drench'!$B$6:$AA$182,MATCH(L$2,'Programa Drench'!$B$5:$AA$5,0),FALSE)),0) -> ALCAPLANT | M7: =IFERROR((VLOOKUP($H7,'Programa Drench'!$B$6:$AA$182,MATCH(M$2,'Programa Drench'!$B$5:$AA$5,0),FALSE)*N7),0) -> 2145 | N7: =IFERROR(ROUND((K7*$I7),-1),0) -> 1950 | O7: =IFERROR(ROUND(IF($D7="SSJ",(VLOOKUP($H7,'Programa Drench'!$B$6:$AA$182,MATCH(O$2,'Programa Drench'!$B$5:$AA$5,0),FALSE)),VLOOKUP($H7,'Programa Drench'!$B$6:$AA$182,MATCH(O$2,'Programa Drench'!$B$5:$AA$5,0),FALSE)),1),0) -> 0 | P7: =IFERROR((VLOOKUP($H7,'Programa Drench'!$B$6:$AA$182,MATCH(P$2,'Programa Drench'!$B$5:$AA$5,0),FALSE)),0) -> 0 | Q7: =IFERROR((VLOOKUP($H7,'Programa Drench'!$B$6:$AA$182,MATCH(Q$2,'Programa Drench'!$B$5:$AA$5,0),FALSE)*R7),0) -> 0 | R7: =IFERROR(ROUND((O7*$I7),-1),0) -> 0 | S7: =IFERROR(ROUND(IF($D7="SSJ",(VLOOKUP($H7,'Programa Drench'!$B$6:$AA$182,MATCH(S$2,'Programa Drench'!$B$5:$AA$5,0),FALSE)),VLOOKUP($H7,'Programa Drench'!$B$6:$AA$182,MATCH(S$2,'Programa Drench'!$B$5:$AA$5,0),FALSE)),1),0) -> 0 | T7: =IFERROR((VLOOKUP($H7,'Programa Drench'!$B$6:$AA$182,MATCH(T$2,'Programa Drench'!$B$5:$AA$5,0),FALSE)),0) -> 0 | U7: =IFERROR((VLOOKUP($H7,'Programa Drench'!$B$6:$AA$182,MATCH(U$2,'Programa Drench'!$B$5:$AA$5,0),FALSE)*V7),0) -> 0 | V7: =IFERROR(ROUND((S7*$I7),-1),0) -> 0 | W7: =IFERROR(ROUND(IF($D7="SSJ",(VLOOKUP($H7,'Programa Drench'!$B$6:$AA$182,MATCH(W$2,'Programa Drench'!$B$5:$AA$5,0),FALSE)),VLOOKUP($H7,'Programa Drench'!$B$6:$AA$182,MATCH(W$2,'Programa Drench'!$B$5:$AA$5,0),FALSE)),1),0) -> 0 | X7: =IFERROR((VLOOKUP($H7,'Programa Drench'!$B$6:$AA$182,MATCH(X$2,'Programa Drench'!$B$5:$AA$5,0),FALSE)),0) -> 0 | Y7: =IFERROR((VLOOKUP($H7,'Programa Drench'!$B$6:$AA$182,MATCH(Y$2,'Programa Drench'!$B$5:$AA$5,0),FALSE)*Z7),0) -> 0 | Z7: =IFERROR(ROUND((W7*$I7),-1),0) -> 0 | AA7: =IFERROR(ROUND(IF($D7="SSJ",(VLOOKUP($H7,'Programa Drench'!$B$6:$AA$182,MATCH(AA$2,'Programa Drench'!$B$5:$AA$5,0),FALSE)),VLOOKUP($H7,'Programa Drench'!$B$6:$AA$182,MATCH(AA$2,'Programa Drench'!$B$5:$AA$5,0),FALSE)),1),0) -> 0 | AB7: =IFERROR((VLOOKUP($H7,'Programa Drench'!$B$6:$AA$182,MATCH(AB$2,'Programa Drench'!$B$5:$AA$5,0),FALSE)),0) -> 0 | AC7: =IFERROR((VLOOKUP($H7,'Programa Drench'!$B$6:$AA$182,MATCH(AC$2,'Programa Drench'!$B$5:$AA$5,0),FALSE)*$I7),0) -> 0 | AD7: =IFERROR(ROUND((AA7*$I7),-1),0) -> 0 | AE7: =IFERROR(ROUND((VLOOKUP($H7,'Programa Drench'!$B$6:$AA$182,MATCH(AE$2,'Programa Drench'!$B$5:$AA$5,0),FALSE)),-1),0) -> 0 | AF7: =IFERROR((VLOOKUP($H7,'Programa Drench'!$B$6:$AA$182,MATCH(AF$2,'Programa Drench'!$B$5:$AA$5,0),FALSE)),0) -> 0 | AG7: =IFERROR((VLOOKUP($H7,'Programa Drench'!$B$6:$AA$182,MATCH(AG$2,'Programa Drench'!$B$5:$AA$5,0),FALSE)*AH7),0) -> 0 | AH7: =IFERROR(ROUND((VLOOKUP($H7,'Programa Drench'!$B$6:$AA$182,MATCH(AH$2,'Programa Drench'!$B$5:$AA$5,0),FALSE)*$I7),-1),0) -> 0 | AI7: =IFERROR((VLOOKUP($H7,'Programa Drench'!$B$6:$AA$182,MATCH(AI$2,'Programa Drench'!$B$5:$AA$5,0),FALSE)),0) -> 1.1
A8: =IF(($J$1-C8)>=52,($J$1-C8-100+52+1),($J$1-C8+1)) -> 11 | B8: 4 | C8: 2609 | D8: CV | E8: P3 | F8: XL | G8: =MID(E8,1,1) -> P | H8: =CONCATENATE(A8," ",G8," ",F8) -> 11 P XL | I8: =IF(D8="MM1",VLOOKUP($B8,'Inf Bloques'!$A$1:$K$453,11,FALSE)*1,VLOOKUP($B8,'Inf Bloques'!$A$1:$K$453,11,FALSE)) -> 31.331 | J8: =I8/9 -> 3.4812222 | K8: =IFERROR(ROUND(IF($D8="SSJ",(VLOOKUP($H8,'Programa Drench'!$B$6:$AA$182,MATCH(K$2,'Programa Drench'!$B$5:$AA$5,0),FALSE)),VLOOKUP($H8,'Programa Drench'!$B$6:$AA$182,MATCH(K$2,'Programa Drench'!$B$5:$AA$5,0),FALSE)),1),0) -> 7 | L8: =IFERROR((VLOOKUP($H8,'Programa Drench'!$B$6:$AA$182,MATCH(L$2,'Programa Drench'!$B$5:$AA$5,0),FALSE)),0) -> Sulfex | M8: =IFERROR((VLOOKUP($H8,'Programa Drench'!$B$6:$AA$182,MATCH(M$2,'Programa Drench'!$B$5:$AA$5,0),FALSE)*N8),0) -> 330 | N8: =IFERROR(ROUND((K8*$I8),-1),0) -> 220 | O8: =IFERROR(ROUND(IF($D8="SSJ",(VLOOKUP($H8,'Programa Drench'!$B$6:$AA$182,MATCH(O$2,'Programa Drench'!$B$5:$AA$5,0),FALSE)),VLOOKUP($H8,'Programa Drench'!$B$6:$AA$182,MATCH(O$2,'Programa Drench'!$B$5:$AA$5,0),FALSE)),1),0) -> 7 | P8: =IFERROR((VLOOKUP($H8,'Programa Drench'!$B$6:$AA$182,MATCH(P$2,'Programa Drench'!$B$5:$AA$5,0),FALSE)),0) -> Agral | Q8: =IFERROR((VLOOKUP($H8,'Programa Drench'!$B$6:$AA$182,MATCH(Q$2,'Programa Drench'!$B$5:$AA$5,0),FALSE)*R8),0) -> 44 | R8: =IFERROR(ROUND((O8*$I8),-1),0) -> 220 | S8: =IFERROR(ROUND(IF($D8="SSJ",(VLOOKUP($H8,'Programa Drench'!$B$6:$AA$182,MATCH(S$2,'Programa Drench'!$B$5:$AA$5,0),FALSE)),VLOOKUP($H8,'Programa Drench'!$B$6:$AA$182,MATCH(S$2,'Programa Drench'!$B$5:$AA$5,0),FALSE)),1),0) -> 0 | T8: =IFERROR((VLOOKUP($H8,'Programa Drench'!$B$6:$AA$182,MATCH(T$2,'Programa Drench'!$B$5:$AA$5,0),FALSE)),0) -> 0 | U8: =IFERROR((VLOOKUP($H8,'Programa Drench'!$B$6:$AA$182,MATCH(U$2,'Programa Drench'!$B$5:$AA$5,0),FALSE)*V8),0) -> 0 | V8: =IFERROR(ROUND((S8*$I8),-1),0) -> 0 | W8: =IFERROR(ROUND(IF($D8="SSJ",(VLOOKUP($H8,'Programa Drench'!$B$6:$AA$182,MATCH(W$2,'Programa Drench'!$B$5:$AA$5,0),FALSE)),VLOOKUP($H8,'Programa Drench'!$B$6:$AA$182,MATCH(W$2,'Programa Drench'!$B$5:$AA$5,0),FALSE)),1),0) -> 0 | X8: =IFERROR((VLOOKUP($H8,'Programa Drench'!$B$6:$AA$182,MATCH(X$2,'Programa Drench'!$B$5:$AA$5,0),FALSE)),0) -> 0 | Y8: =IFERROR((VLOOKUP($H8,'Programa Drench'!$B$6:$AA$182,MATCH(Y$2,'Programa Drench'!$B$5:$AA$5,0),FALSE)*Z8),0) -> 0 | Z8: =IFERROR(ROUND((W8*$I8),-1),0) -> 0 | AA8: =IFERROR(ROUND(IF($D8="SSJ",(VLOOKUP($H8,'Programa Drench'!$B$6:$AA$182,MATCH(AA$2,'Programa Drench'!$B$5:$AA$5,0),FALSE)),VLOOKUP($H8,'Programa Drench'!$B$6:$AA$182,MATCH(AA$2,'Programa Drench'!$B$5:$AA$5,0),FALSE)),1),0) -> 0 | AB8: =IFERROR((VLOOKUP($H8,'Programa Drench'!$B$6:$AA$182,MATCH(AB$2,'Programa Drench'!$B$5:$AA$5,0),FALSE)),0) -> 0 | AC8: =IFERROR((VLOOKUP($H8,'Programa Drench'!$B$6:$AA$182,MATCH(AC$2,'Programa Drench'!$B$5:$AA$5,0),FALSE)*$I8),0) -> 0 | AD8: =IFERROR(ROUND((AA8*$I8),-1),0) -> 0 | AE8: =IFERROR(ROUND((VLOOKUP($H8,'Programa Drench'!$B$6:$AA$182,MATCH(AE$2,'Programa Drench'!$B$5:$AA$5,0),FALSE)),-1),0) -> 0 | AF8: =IFERROR((VLOOKUP($H8,'Programa Drench'!$B$6:$AA$182,MATCH(AF$2,'Programa Drench'!$B$5:$AA$5,0),FALSE)),0) -> 0 | AG8: =IFERROR((VLOOKUP($H8,'Programa Drench'!$B$6:$AA$182,MATCH(AG$2,'Programa Drench'!$B$5:$AA$5,0),FALSE)*AH8),0) -> 0 | AH8: =IFERROR(ROUND((VLOOKUP($H8,'Programa Drench'!$B$6:$AA$182,MATCH(AH$2,'Programa Drench'!$B$5:$AA$5,0),FALSE)*$I8),-1),0) -> 0 | AI8: =IFERROR((VLOOKUP($H8,'Programa Drench'!$B$6:$AA$182,MATCH(AI$2,'Programa Drench'!$B$5:$AA$5,0),FALSE)),0) -> 1.7
A9: =IF(($J$1-C9)>=52,($J$1-C9-100+52+1),($J$1-C9+1)) -> 10 | B9: 9 | C9: 2610 | D9: CV | E9: P3 | F9: XL | G9: =MID(E9,1,1) -> P | H9: =CONCATENATE(A9," ",G9," ",F9) -> 10 P XL | I9: =IF(D9="MM1",VLOOKUP($B9,'Inf Bloques'!$A$1:$K$453,11,FALSE)*1,VLOOKUP($B9,'Inf Bloques'!$A$1:$K$453,11,FALSE)) -> 39.519683 | J9: =I9/9 -> 4.3910759 | K9: =IFERROR(ROUND(IF($D9="SSJ",(VLOOKUP($H9,'Programa Drench'!$B$6:$AA$182,MATCH(K$2,'Programa Drench'!$B$5:$AA$5,0),FALSE)),VLOOKUP($H9,'Programa Drench'!$B$6:$AA$182,MATCH(K$2,'Programa Drench'!$B$5:$AA$5,0),FALSE)),1),0) -> 10 | L9: =IFERROR((VLOOKUP($H9,'Programa Drench'!$B$6:$AA$182,MATCH(L$2,'Programa Drench'!$B$5:$AA$5,0),FALSE)),0) -> Bac | M9: =IFERROR((VLOOKUP($H9,'Programa Drench'!$B$6:$AA$182,MATCH(M$2,'Programa Drench'!$B$5:$AA$5,0),FALSE)*N9),0) -> 800 | N9: =IFERROR(ROUND((K9*$I9),-1),0) -> 400 | O9: =IFERROR(ROUND(IF($D9="SSJ",(VLOOKUP($H9,'Programa Drench'!$B$6:$AA$182,MATCH(O$2,'Programa Drench'!$B$5:$AA$5,0),FALSE)),VLOOKUP($H9,'Programa Drench'!$B$6:$AA$182,MATCH(O$2,'Programa Drench'!$B$5:$AA$5,0),FALSE)),1),0) -> 10 | P9: =IFERROR((VLOOKUP($H9,'Programa Drench'!$B$6:$AA$182,MATCH(P$2,'Programa Drench'!$B$5:$AA$5,0),FALSE)),0) -> Agral | Q9: =IFERROR((VLOOKUP($H9,'Programa Drench'!$B$6:$AA$182,MATCH(Q$2,'Programa Drench'!$B$5:$AA$5,0),FALSE)*R9),0) -> 80 | R9: =IFERROR(ROUND((O9*$I9),-1),0) -> 400 | S9: =IFERROR(ROUND(IF($D9="SSJ",(VLOOKUP($H9,'Programa Drench'!$B$6:$AA$182,MATCH(S$2,'Programa Drench'!$B$5:$AA$5,0),FALSE)),VLOOKUP($H9,'Programa Drench'!$B$6:$AA$182,MATCH(S$2,'Programa Drench'!$B$5:$AA$5,0),FALSE)),1),0) -> 0 | T9: =IFERROR((VLOOKUP($H9,'Programa Drench'!$B$6:$AA$182,MATCH(T$2,'Programa Drench'!$B$5:$AA$5,0),FALSE)),0) -> 0 | U9: =IFERROR((VLOOKUP($H9,'Programa Drench'!$B$6:$AA$182,MATCH(U$2,'Programa Drench'!$B$5:$AA$5,0),FALSE)*V9),0) -> 0 | V9: =IFERROR(ROUND((S9*$I9),-1),0) -> 0 | W9: =IFERROR(ROUND(IF($D9="SSJ",(VLOOKUP($H9,'Programa Drench'!$B$6:$AA$182,MATCH(W$2,'Programa Drench'!$B$5:$AA$5,0),FALSE)),VLOOKUP($H9,'Programa Drench'!$B$6:$AA$182,MATCH(W$2,'Programa Drench'!$B$5:$AA$5,0),FALSE)),1),0) -> 0 | X9: =IFERROR((VLOOKUP($H9,'Programa Drench'!$B$6:$AA$182,MATCH(X$2,'Programa Drench'!$B$5:$AA$5,0),FALSE)),0) -> 0 | Y9: =IFERROR((VLOOKUP($H9,'Programa Drench'!$B$6:$AA$182,MATCH(Y$2,'Programa Drench'!$B$5:$AA$5,0),FALSE)*Z9),0) -> 0 | Z9: =IFERROR(ROUND((W9*$I9),-1),0) -> 0 | AA9: =IFERROR(ROUND(IF($D9="SSJ",(VLOOKUP($H9,'Programa Drench'!$B$6:$AA$182,MATCH(AA$2,'Programa Drench'!$B$5:$AA$5,0),FALSE)),VLOOKUP($H9,'Programa Drench'!$B$6:$AA$182,MATCH(AA$2,'Programa Drench'!$B$5:$AA$5,0),FALSE)),1),0) -> 0 | AB9: =IFERROR((VLOOKUP($H9,'Programa Drench'!$B$6:$AA$182,MATCH(AB$2,'Programa Drench'!$B$5:$AA$5,0),FALSE)),0) -> 0 | AC9: =IFERROR((VLOOKUP($H9,'Programa Drench'!$B$6:$AA$182,MATCH(AC$2,'Programa Drench'!$B$5:$AA$5,0),FALSE)*$I9),0) -> 0 | AD9: =IFERROR(ROUND((AA9*$I9),-1),0) -> 0 | AE9: =IFERROR(ROUND((VLOOKUP($H9,'Programa Drench'!$B$6:$AA$182,MATCH(AE$2,'Programa Drench'!$B$5:$AA$5,0),FALSE)),-1),0) -> 0 | AF9: =IFERROR((VLOOKUP($H9,'Programa Drench'!$B$6:$AA$182,MATCH(AF$2,'Programa Drench'!$B$5:$AA$5,0),FALSE)),0) -> 0 | AG9: =IFERROR((VLOOKUP($H9,'Programa Drench'!$B$6:$AA$182,MATCH(AG$2,'Programa Drench'!$B$5:$AA$5,0),FALSE)*AH9),0) -> 0 | AH9: =IFERROR(ROUND((VLOOKUP($H9,'Programa Drench'!$B$6:$AA$182,MATCH(AH$2,'Programa Drench'!$B$5:$AA$5,0),FALSE)*$I9),-1),0) -> 0 | AI9: =IFERROR((VLOOKUP($H9,'Programa Drench'!$B$6:$AA$182,MATCH(AI$2,'Programa Drench'!$B$5:$AA$5,0),FALSE)),0) -> 2.2
A10: =IF(($J$1-C10)>=52,($J$1-C10-100+52+1),($J$1-C10+1)) -> 10 | B10: 26A | C10: 2610 | D10: CV | E10: S | F10: CLO | G10: =MID(E10,1,1) -> S | H10: =CONCATENATE(A10," ",G10," ",F10) -> 10 S CLO | I10: =IF(D10="MM1",VLOOKUP($B10,'Inf Bloques'!$A$1:$K$453,11,FALSE)*1,VLOOKUP($B10,'Inf Bloques'!$A$1:$K$453,11,FALSE)) -> 16.15 | J10: =I10/9 -> 1.7944444 | K10: =IFERROR(ROUND(IF($D10="SSJ",(VLOOKUP($H10,'Programa Drench'!$B$6:$AA$182,MATCH(K$2,'Programa Drench'!$B$5:$AA$5,0),FALSE)),VLOOKUP($H10,'Programa Drench'!$B$6:$AA$182,MATCH(K$2,'Programa Drench'!$B$5:$AA$5,0),FALSE)),1),0) -> 50 | L10: =IFERROR((VLOOKUP($H10,'Programa Drench'!$B$6:$AA$182,MATCH(L$2,'Programa Drench'!$B$5:$AA$5,0),FALSE)),0) -> Beauveria | M10: =IFERROR((VLOOKUP($H10,'Programa Drench'!$B$6:$AA$182,MATCH(M$2,'Programa Drench'!$B$5:$AA$5,0),FALSE)*N10),0) -> 4860 | N10: =IFERROR(ROUND((K10*$I10),-1),0) -> 810 | O10: =IFERROR(ROUND(IF($D10="SSJ",(VLOOKUP($H10,'Programa Drench'!$B$6:$AA$182,MATCH(O$2,'Programa Drench'!$B$5:$AA$5,0),FALSE)),VLOOKUP($H10,'Programa Drench'!$B$6:$AA$182,MATCH(O$2,'Programa Drench'!$B$5:$AA$5,0),FALSE)),1),0) -> 50 | P10: =IFERROR((VLOOKUP($H10,'Programa Drench'!$B$6:$AA$182,MATCH(P$2,'Programa Drench'!$B$5:$AA$5,0),FALSE)),0) -> Paecilomyces | Q10: =IFERROR((VLOOKUP($H10,'Programa Drench'!$B$6:$AA$182,MATCH(Q$2,'Programa Drench'!$B$5:$AA$5,0),FALSE)*R10),0) -> 6480 | R10: =IFERROR(ROUND((O10*$I10),-1),0) -> 810 | S10: =IFERROR(ROUND(IF($D10="SSJ",(VLOOKUP($H10,'Programa Drench'!$B$6:$AA$182,MATCH(S$2,'Programa Drench'!$B$5:$AA$5,0),FALSE)),VLOOKUP($H10,'Programa Drench'!$B$6:$AA$182,MATCH(S$2,'Programa Drench'!$B$5:$AA$5,0),FALSE)),1),0) -> 0 | T10: =IFERROR((VLOOKUP($H10,'Programa Drench'!$B$6:$AA$182,MATCH(T$2,'Programa Drench'!$B$5:$AA$5,0),FALSE)),0) -> 0 | U10: =IFERROR((VLOOKUP($H10,'Programa Drench'!$B$6:$AA$182,MATCH(U$2,'Programa Drench'!$B$5:$AA$5,0),FALSE)*V10),0) -> 0 | V10: =IFERROR(ROUND((S10*$I10),-1),0) -> 0 | W10: =IFERROR(ROUND(IF($D10="SSJ",(VLOOKUP($H10,'Programa Drench'!$B$6:$AA$182,MATCH(W$2,'Programa Drench'!$B$5:$AA$5,0),FALSE)),VLOOKUP($H10,'Programa Drench'!$B$6:$AA$182,MATCH(W$2,'Programa Drench'!$B$5:$AA$5,0),FALSE)),1),0) -> 0 | X10: =IFERROR((VLOOKUP($H10,'Programa Drench'!$B$6:$AA$182,MATCH(X$2,'Programa Drench'!$B$5:$AA$5,0),FALSE)),0) -> 0 | Y10: =IFERROR((VLOOKUP($H10,'Programa Drench'!$B$6:$AA$182,MATCH(Y$2,'Programa Drench'!$B$5:$AA$5,0),FALSE)*Z10),0) -> 0 | Z10: =IFERROR(ROUND((W10*$I10),-1),0) -> 0 | AA10: =IFERROR(ROUND(IF($D10="SSJ",(VLOOKUP($H10,'Programa Drench'!$B$6:$AA$182,MATCH(AA$2,'Programa Drench'!$B$5:$AA$5,0),FALSE)),VLOOKUP($H10,'Programa Drench'!$B$6:$AA$182,MATCH(AA$2,'Programa Drench'!$B$5:$AA$5,0),FALSE)),1),0) -> 50 | AB10: =IFERROR((VLOOKUP($H10,'Programa Drench'!$B$6:$AA$182,MATCH(AB$2,'Programa Drench'!$B$5:$AA$5,0),FALSE)),0) -> Trichoderma | AC10: =IFERROR((VLOOKUP($H10,'Programa Drench'!$B$6:$AA$182,MATCH(AC$2,'Programa Drench'!$B$5:$AA$5,0),FALSE)*$I10),0) -> 16.15 | AD10: =IFERROR(ROUND((AA10*$I10),-1),0) -> 810 | AE10: =IFERROR(ROUND((VLOOKUP($H10,'Programa Drench'!$B$6:$AA$182,MATCH(AE$2,'Programa Drench'!$B$5:$AA$5,0),FALSE)),-1),0) -> 0 | AF10: =IFERROR((VLOOKUP($H10,'Programa Drench'!$B$6:$AA$182,MATCH(AF$2,'Programa Drench'!$B$5:$AA$5,0),FALSE)),0) -> 0 | AG10: =IFERROR((VLOOKUP($H10,'Programa Drench'!$B$6:$AA$182,MATCH(AG$2,'Programa Drench'!$B$5:$AA$5,0),FALSE)*AH10),0) -> 0 | AH10: =IFERROR(ROUND((VLOOKUP($H10,'Programa Drench'!$B$6:$AA$182,MATCH(AH$2,'Programa Drench'!$B$5:$AA$5,0),FALSE)*$I10),-1),0) -> 0 | AI10: =IFERROR((VLOOKUP($H10,'Programa Drench'!$B$6:$AA$182,MATCH(AI$2,'Programa Drench'!$B$5:$AA$5,0),FALSE)),0) -> 15
A11: =IF(($J$1-C11)>=52,($J$1-C11-100+52+1),($J$1-C11+1)) -> 9 | B11: 14 | C11: 2611 | D11: CV | E11: P3 | F11: XL | G11: =MID(E11,1,1) -> P | H11: =CONCATENATE(A11," ",G11," ",F11) -> 9 P XL | I11: =IF(D11="MM1",VLOOKUP($B11,'Inf Bloques'!$A$1:$K$453,11,FALSE)*1,VLOOKUP($B11,'Inf Bloques'!$A$1:$K$453,11,FALSE)) -> 39.599167 | J11: =I11/9 -> 4.3999074 | K11: =IFERROR(ROUND(IF($D11="SSJ",(VLOOKUP($H11,'Programa Drench'!$B$6:$AA$182,MATCH(K$2,'Programa Drench'!$B$5:$AA$5,0),FALSE)),VLOOKUP($H11,'Programa Drench'!$B$6:$AA$182,MATCH(K$2,'Programa Drench'!$B$5:$AA$5,0),FALSE)),1),0) -> 50 | L11: =IFERROR((VLOOKUP($H11,'Programa Drench'!$B$6:$AA$182,MATCH(L$2,'Programa Drench'!$B$5:$AA$5,0),FALSE)),0) -> Beauveria | M11: =IFERROR((VLOOKUP($H11,'Programa Drench'!$B$6:$AA$182,MATCH(M$2,'Programa Drench'!$B$5:$AA$5,0),FALSE)*N11),0) -> 11880 | N11: =IFERROR(ROUND((K11*$I11),-1),0) -> 1980 | O11: =IFERROR(ROUND(IF($D11="SSJ",(VLOOKUP($H11,'Programa Drench'!$B$6:$AA$182,MATCH(O$2,'Programa Drench'!$B$5:$AA$5,0),FALSE)),VLOOKUP($H11,'Programa Drench'!$B$6:$AA$182,MATCH(O$2,'Programa Drench'!$B$5:$AA$5,0),FALSE)),1),0) -> 50 | P11: =IFERROR((VLOOKUP($H11,'Programa Drench'!$B$6:$AA$182,MATCH(P$2,'Programa Drench'!$B$5:$AA$5,0),FALSE)),0) -> Paecilomyces | Q11: =IFERROR((VLOOKUP($H11,'Programa Drench'!$B$6:$AA$182,MATCH(Q$2,'Programa Drench'!$B$5:$AA$5,0),FALSE)*R11),0) -> 15840 | R11: =IFERROR(ROUND((O11*$I11),-1),0) -> 1980 | S11: =IFERROR(ROUND(IF($D11="SSJ",(VLOOKUP($H11,'Programa Drench'!$B$6:$AA$182,MATCH(S$2,'Programa Drench'!$B$5:$AA$5,0),FALSE)),VLOOKUP($H11,'Programa Drench'!$B$6:$AA$182,MATCH(S$2,'Programa Drench'!$B$5:$AA$5,0),FALSE)),1),0) -> 0 | T11: =IFERROR((VLOOKUP($H11,'Programa Drench'!$B$6:$AA$182,MATCH(T$2,'Programa Drench'!$B$5:$AA$5,0),FALSE)),0) -> 0 | U11: =IFERROR((VLOOKUP($H11,'Programa Drench'!$B$6:$AA$182,MATCH(U$2,'Programa Drench'!$B$5:$AA$5,0),FALSE)*V11),0) -> 0 | V11: =IFERROR(ROUND((S11*$I11),-1),0) -> 0 | W11: =IFERROR(ROUND(IF($D11="SSJ",(VLOOKUP($H11,'Programa Drench'!$B$6:$AA$182,MATCH(W$2,'Programa Drench'!$B$5:$AA$5,0),FALSE)),VLOOKUP($H11,'Programa Drench'!$B$6:$AA$182,MATCH(W$2,'Programa Drench'!$B$5:$AA$5,0),FALSE)),1),0) -> 0 | X11: =IFERROR((VLOOKUP($H11,'Programa Drench'!$B$6:$AA$182,MATCH(X$2,'Programa Drench'!$B$5:$AA$5,0),FALSE)),0) -> 0 | Y11: =IFERROR((VLOOKUP($H11,'Programa Drench'!$B$6:$AA$182,MATCH(Y$2,'Programa Drench'!$B$5:$AA$5,0),FALSE)*Z11),0) -> 0 | Z11: =IFERROR(ROUND((W11*$I11),-1),0) -> 0 | AA11: =IFERROR(ROUND(IF($D11="SSJ",(VLOOKUP($H11,'Programa Drench'!$B$6:$AA$182,MATCH(AA$2,'Programa Drench'!$B$5:$AA$5,0),FALSE)),VLOOKUP($H11,'Programa Drench'!$B$6:$AA$182,MATCH(AA$2,'Programa Drench'!$B$5:$AA$5,0),FALSE)),1),0) -> 50 | AB11: =IFERROR((VLOOKUP($H11,'Programa Drench'!$B$6:$AA$182,MATCH(AB$2,'Programa Drench'!$B$5:$AA$5,0),FALSE)),0) -> Trichoderma | AC11: =IFERROR((VLOOKUP($H11,'Programa Drench'!$B$6:$AA$182,MATCH(AC$2,'Programa Drench'!$B$5:$AA$5,0),FALSE)*$I11),0) -> 39.599167 | AD11: =IFERROR(ROUND((AA11*$I11),-1),0) -> 1980 | AE11: =IFERROR(ROUND((VLOOKUP($H11,'Programa Drench'!$B$6:$AA$182,MATCH(AE$2,'Programa Drench'!$B$5:$AA$5,0),FALSE)),-1),0) -> 0 | AF11: =IFERROR((VLOOKUP($H11,'Programa Drench'!$B$6:$AA$182,MATCH(AF$2,'Programa Drench'!$B$5:$AA$5,0),FALSE)),0) -> 0 | AG11: =IFERROR((VLOOKUP($H11,'Programa Drench'!$B$6:$AA$182,MATCH(AG$2,'Programa Drench'!$B$5:$AA$5,0),FALSE)*AH11),0) -> 0 | AH11: =IFERROR(ROUND((VLOOKUP($H11,'Programa Drench'!$B$6:$AA$182,MATCH(AH$2,'Programa Drench'!$B$5:$AA$5,0),FALSE)*$I11),-1),0) -> 0 | AI11: =IFERROR((VLOOKUP($H11,'Programa Drench'!$B$6:$AA$182,MATCH(AI$2,'Programa Drench'!$B$5:$AA$5,0),FALSE)),0) -> 15
A12: =IF(($J$1-C12)>=52,($J$1-C12-100+52+1),($J$1-C12+1)) -> 8 | B12: 7 | C12: 2612 | D12: CV | E12: P3 | F12: XL | G12: =MID(E12,1,1) -> P | H12: =CONCATENATE(A12," ",G12," ",F12) -> 8 P XL | I12: =IF(D12="MM1",VLOOKUP($B12,'Inf Bloques'!$A$1:$K$453,11,FALSE)*1,VLOOKUP($B12,'Inf Bloques'!$A$1:$K$453,11,FALSE)) -> 38.4104 | J12: =I12/9 -> 4.2678222 | K12: =IFERROR(ROUND(IF($D12="SSJ",(VLOOKUP($H12,'Programa Drench'!$B$6:$AA$182,MATCH(K$2,'Programa Drench'!$B$5:$AA$5,0),FALSE)),VLOOKUP($H12,'Programa Drench'!$B$6:$AA$182,MATCH(K$2,'Programa Drench'!$B$5:$AA$5,0),FALSE)),1),0) -> 50 | L12: =IFERROR((VLOOKUP($H12,'Programa Drench'!$B$6:$AA$182,MATCH(L$2,'Programa Drench'!$B$5:$AA$5,0),FALSE)),0) -> RAIZA | M12: =IFERROR((VLOOKUP($H12,'Programa Drench'!$B$6:$AA$182,MATCH(M$2,'Programa Drench'!$B$5:$AA$5,0),FALSE)*N12),0) -> 633.6 | N12: =IFERROR(ROUND((K12*$I12),-1),0) -> 1920 | O12: =IFERROR(ROUND(IF($D12="SSJ",(VLOOKUP($H12,'Programa Drench'!$B$6:$AA$182,MATCH(O$2,'Programa Drench'!$B$5:$AA$5,0),FALSE)),VLOOKUP($H12,'Programa Drench'!$B$6:$AA$182,MATCH(O$2,'Programa Drench'!$B$5:$AA$5,0),FALSE)),1),0) -> 50 | P12: =IFERROR((VLOOKUP($H12,'Programa Drench'!$B$6:$AA$182,MATCH(P$2,'Programa Drench'!$B$5:$AA$5,0),FALSE)),0) -> HUMISTAR WG | Q12: =IFERROR((VLOOKUP($H12,'Programa Drench'!$B$6:$AA$182,MATCH(Q$2,'Programa Drench'!$B$5:$AA$5,0),FALSE)*R12),0) -> 384 | R12: =IFERROR(ROUND((O12*$I12),-1),0) -> 1920 | S12: =IFERROR(ROUND(IF($D12="SSJ",(VLOOKUP($H12,'Programa Drench'!$B$6:$AA$182,MATCH(S$2,'Programa Drench'!$B$5:$AA$5,0),FALSE)),VLOOKUP($H12,'Programa Drench'!$B$6:$AA$182,MATCH(S$2,'Programa Drench'!$B$5:$AA$5,0),FALSE)),1),0) -> 50 | T12: =IFERROR((VLOOKUP($H12,'Programa Drench'!$B$6:$AA$182,MATCH(T$2,'Programa Drench'!$B$5:$AA$5,0),FALSE)),0) -> Serenade | U12: =IFERROR((VLOOKUP($H12,'Programa Drench'!$B$6:$AA$182,MATCH(U$2,'Programa Drench'!$B$5:$AA$5,0),FALSE)*V12),0) -> 345.6 | V12: =IFERROR(ROUND((S12*$I12),-1),0) -> 1920 | W12: =IFERROR(ROUND(IF($D12="SSJ",(VLOOKUP($H12,'Programa Drench'!$B$6:$AA$182,MATCH(W$2,'Programa Drench'!$B$5:$AA$5,0),FALSE)),VLOOKUP($H12,'Programa Drench'!$B$6:$AA$182,MATCH(W$2,'Programa Drench'!$B$5:$AA$5,0),FALSE)),1),0) -> 0 | X12: =IFERROR((VLOOKUP($H12,'Programa Drench'!$B$6:$AA$182,MATCH(X$2,'Programa Drench'!$B$5:$AA$5,0),FALSE)),0) -> 0 | Y12: =IFERROR((VLOOKUP($H12,'Programa Drench'!$B$6:$AA$182,MATCH(Y$2,'Programa Drench'!$B$5:$AA$5,0),FALSE)*Z12),0) -> 0 | Z12: =IFERROR(ROUND((W12*$I12),-1),0) -> 0 | AA12: =IFERROR(ROUND(IF($D12="SSJ",(VLOOKUP($H12,'Programa Drench'!$B$6:$AA$182,MATCH(AA$2,'Programa Drench'!$B$5:$AA$5,0),FALSE)),VLOOKUP($H12,'Programa Drench'!$B$6:$AA$182,MATCH(AA$2,'Programa Drench'!$B$5:$AA$5,0),FALSE)),1),0) -> 0 | AB12: =IFERROR((VLOOKUP($H12,'Programa Drench'!$B$6:$AA$182,MATCH(AB$2,'Programa Drench'!$B$5:$AA$5,0),FALSE)),0) -> 0 | AC12: =IFERROR((VLOOKUP($H12,'Programa Drench'!$B$6:$AA$182,MATCH(AC$2,'Programa Drench'!$B$5:$AA$5,0),FALSE)*$I12),0) -> 0 | AD12: =IFERROR(ROUND((AA12*$I12),-1),0) -> 0 | AE12: =IFERROR(ROUND((VLOOKUP($H12,'Programa Drench'!$B$6:$AA$182,MATCH(AE$2,'Programa Drench'!$B$5:$AA$5,0),FALSE)),-1),0) -> 0 | AF12: =IFERROR((VLOOKUP($H12,'Programa Drench'!$B$6:$AA$182,MATCH(AF$2,'Programa Drench'!$B$5:$AA$5,0),FALSE)),0) -> 0 | AG12: =IFERROR((VLOOKUP($H12,'Programa Drench'!$B$6:$AA$182,MATCH(AG$2,'Programa Drench'!$B$5:$AA$5,0),FALSE)*AH12),0) -> 0 | AH12: =IFERROR(ROUND((VLOOKUP($H12,'Programa Drench'!$B$6:$AA$182,MATCH(AH$2,'Programa Drench'!$B$5:$AA$5,0),FALSE)*$I12),-1),0) -> 0 | AI12: =IFERROR((VLOOKUP($H12,'Programa Drench'!$B$6:$AA$182,MATCH(AI$2,'Programa Drench'!$B$5:$AA$5,0),FALSE)),0) -> 0.71
A13: =IF(($J$1-C13)>=52,($J$1-C13-100+52+1),($J$1-C13+1)) -> 8 | B13: 25 | C13: 2612 | D13: CV | E13: P2 | F13: XL | G13: =MID(E13,1,1) -> P | H13: =CONCATENATE(A13," ",G13," ",F13) -> 8 P XL | I13: =IF(D13="MM1",VLOOKUP($B13,'Inf Bloques'!$A$1:$K$453,11,FALSE)*1,VLOOKUP($B13,'Inf Bloques'!$A$1:$K$453,11,FALSE)) -> 38.235283 | J13: =I13/9 -> 4.2483648 | K13: =IFERROR(ROUND(IF($D13="SSJ",(VLOOKUP($H13,'Programa Drench'!$B$6:$AA$182,MATCH(K$2,'Programa Drench'!$B$5:$AA$5,0),FALSE)),VLOOKUP($H13,'Programa Drench'!$B$6:$AA$182,MATCH(K$2,'Programa Drench'!$B$5:$AA$5,0),FALSE)),1),0) -> 50 | L13: =IFERROR((VLOOKUP($H13,'Programa Drench'!$B$6:$AA$182,MATCH(L$2,'Programa Drench'!$B$5:$AA$5,0),FALSE)),0) -> RAIZA | M13: =IFERROR((VLOOKUP($H13,'Programa Drench'!$B$6:$AA$182,MATCH(M$2,'Programa Drench'!$B$5:$AA$5,0),FALSE)*N13),0) -> 630.3 | N13: =IFERROR(ROUND((K13*$I13),-1),0) -> 1910 | O13: =IFERROR(ROUND(IF($D13="SSJ",(VLOOKUP($H13,'Programa Drench'!$B$6:$AA$182,MATCH(O$2,'Programa Drench'!$B$5:$AA$5,0),FALSE)),VLOOKUP($H13,'Programa Drench'!$B$6:$AA$182,MATCH(O$2,'Programa Drench'!$B$5:$AA$5,0),FALSE)),1),0) -> 50 | P13: =IFERROR((VLOOKUP($H13,'Programa Drench'!$B$6:$AA$182,MATCH(P$2,'Programa Drench'!$B$5:$AA$5,0),FALSE)),0) -> HUMISTAR WG | Q13: =IFERROR((VLOOKUP($H13,'Programa Drench'!$B$6:$AA$182,MATCH(Q$2,'Programa Drench'!$B$5:$AA$5,0),FALSE)*R13),0) -> 382 | R13: =IFERROR(ROUND((O13*$I13),-1),0) -> 1910 | S13: =IFERROR(ROUND(IF($D13="SSJ",(VLOOKUP($H13,'Programa Drench'!$B$6:$AA$182,MATCH(S$2,'Programa Drench'!$B$5:$AA$5,0),FALSE)),VLOOKUP($H13,'Programa Drench'!$B$6:$AA$182,MATCH(S$2,'Programa Drench'!$B$5:$AA$5,0),FALSE)),1),0) -> 50 | T13: =IFERROR((VLOOKUP($H13,'Programa Drench'!$B$6:$AA$182,MATCH(T$2,'Programa Drench'!$B$5:$AA$5,0),FALSE)),0) -> Serenade | U13: =IFERROR((VLOOKUP($H13,'Programa Drench'!$B$6:$AA$182,MATCH(U$2,'Programa Drench'!$B$5:$AA$5,0),FALSE)*V13),0) -> 343.8 | V13: =IFERROR(ROUND((S13*$I13),-1),0) -> 1910 | W13: =IFERROR(ROUND(IF($D13="SSJ",(VLOOKUP($H13,'Programa Drench'!$B$6:$AA$182,MATCH(W$2,'Programa Drench'!$B$5:$AA$5,0),FALSE)),VLOOKUP($H13,'Programa Drench'!$B$6:$AA$182,MATCH(W$2,'Programa Drench'!$B$5:$AA$5,0),FALSE)),1),0) -> 0 | X13: =IFERROR((VLOOKUP($H13,'Programa Drench'!$B$6:$AA$182,MATCH(X$2,'Programa Drench'!$B$5:$AA$5,0),FALSE)),0) -> 0 | Y13: =IFERROR((VLOOKUP($H13,'Programa Drench'!$B$6:$AA$182,MATCH(Y$2,'Programa Drench'!$B$5:$AA$5,0),FALSE)*Z13),0) -> 0 | Z13: =IFERROR(ROUND((W13*$I13),-1),0) -> 0 | AA13: =IFERROR(ROUND(IF($D13="SSJ",(VLOOKUP($H13,'Programa Drench'!$B$6:$AA$182,MATCH(AA$2,'Programa Drench'!$B$5:$AA$5,0),FALSE)),VLOOKUP($H13,'Programa Drench'!$B$6:$AA$182,MATCH(AA$2,'Programa Drench'!$B$5:$AA$5,0),FALSE)),1),0) -> 0 | AB13: =IFERROR((VLOOKUP($H13,'Programa Drench'!$B$6:$AA$182,MATCH(AB$2,'Programa Drench'!$B$5:$AA$5,0),FALSE)),0) -> 0 | AC13: =IFERROR((VLOOKUP($H13,'Programa Drench'!$B$6:$AA$182,MATCH(AC$2,'Programa Drench'!$B$5:$AA$5,0),FALSE)*$I13),0) -> 0 | AD13: =IFERROR(ROUND((AA13*$I13),-1),0) -> 0 | AE13: =IFERROR(ROUND((VLOOKUP($H13,'Programa Drench'!$B$6:$AA$182,MATCH(AE$2,'Programa Drench'!$B$5:$AA$5,0),FALSE)),-1),0) -> 0 | AF13: =IFERROR((VLOOKUP($H13,'Programa Drench'!$B$6:$AA$182,MATCH(AF$2,'Programa Drench'!$B$5:$AA$5,0),FALSE)),0) -> 0 | AG13: =IFERROR((VLOOKUP($H13,'Programa Drench'!$B$6:$AA$182,MATCH(AG$2,'Programa Drench'!$B$5:$AA$5,0),FALSE)*AH13),0) -> 0 | AH13: =IFERROR(ROUND((VLOOKUP($H13,'Programa Drench'!$B$6:$AA$182,MATCH(AH$2,'Programa Drench'!$B$5:$AA$5,0),FALSE)*$I13),-1),0) -> 0 | AI13: =IFERROR((VLOOKUP($H13,'Programa Drench'!$B$6:$AA$182,MATCH(AI$2,'Programa Drench'!$B$5:$AA$5,0),FALSE)),0) -> 0.71
A14: =IF(($J$1-C14)>=52,($J$1-C14-100+52+1),($J$1-C14+1)) -> 8 | B14: 26B | C14: 2612 | D14: CV | E14: S | F14: CLO | G14: =MID(E14,1,1) -> S | H14: =CONCATENATE(A14," ",G14," ",F14) -> 8 S CLO | I14: =IF(D14="MM1",VLOOKUP($B14,'Inf Bloques'!$A$1:$K$453,11,FALSE)*1,VLOOKUP($B14,'Inf Bloques'!$A$1:$K$453,11,FALSE)) -> 22.77435 | J14: =I14/9 -> 2.5304833 | K14: =IFERROR(ROUND(IF($D14="SSJ",(VLOOKUP($H14,'Programa Drench'!$B$6:$AA$182,MATCH(K$2,'Programa Drench'!$B$5:$AA$5,0),FALSE)),VLOOKUP($H14,'Programa Drench'!$B$6:$AA$182,MATCH(K$2,'Programa Drench'!$B$5:$AA$5,0),FALSE)),1),0) -> 50 | L14: =IFERROR((VLOOKUP($H14,'Programa Drench'!$B$6:$AA$182,MATCH(L$2,'Programa Drench'!$B$5:$AA$5,0),FALSE)),0) -> NAKAR 20 EC | M14: =IFERROR((VLOOKUP($H14,'Programa Drench'!$B$6:$AA$182,MATCH(M$2,'Programa Drench'!$B$5:$AA$5,0),FALSE)*N14),0) -> 570 | N14: =IFERROR(ROUND((K14*$I14),-1),0) -> 1140 | O14: =IFERROR(ROUND(IF($D14="SSJ",(VLOOKUP($H14,'Programa Drench'!$B$6:$AA$182,MATCH(O$2,'Programa Drench'!$B$5:$AA$5,0),FALSE)),VLOOKUP($H14,'Programa Drench'!$B$6:$AA$182,MATCH(O$2,'Programa Drench'!$B$5:$AA$5,0),FALSE)),1),0) -> 50 | P14: =IFERROR((VLOOKUP($H14,'Programa Drench'!$B$6:$AA$182,MATCH(P$2,'Programa Drench'!$B$5:$AA$5,0),FALSE)),0) -> FUNGAFLOR | Q14: =IFERROR((VLOOKUP($H14,'Programa Drench'!$B$6:$AA$182,MATCH(Q$2,'Programa Drench'!$B$5:$AA$5,0),FALSE)*R14),0) -> 228 | R14: =IFERROR(ROUND((O14*$I14),-1),0) -> 1140 | S14: =IFERROR(ROUND(IF($D14="SSJ",(VLOOKUP($H14,'Programa Drench'!$B$6:$AA$182,MATCH(S$2,'Programa Drench'!$B$5:$AA$5,0),FALSE)),VLOOKUP($H14,'Programa Drench'!$B$6:$AA$182,MATCH(S$2,'Programa Drench'!$B$5:$AA$5,0),FALSE)),1),0) -> 0 | T14: =IFERROR((VLOOKUP($H14,'Programa Drench'!$B$6:$AA$182,MATCH(T$2,'Programa Drench'!$B$5:$AA$5,0),FALSE)),0) -> 0 | U14: =IFERROR((VLOOKUP($H14,'Programa Drench'!$B$6:$AA$182,MATCH(U$2,'Programa Drench'!$B$5:$AA$5,0),FALSE)*V14),0) -> 0 | V14: =IFERROR(ROUND((S14*$I14),-1),0) -> 0 | W14: =IFERROR(ROUND(IF($D14="SSJ",(VLOOKUP($H14,'Programa Drench'!$B$6:$AA$182,MATCH(W$2,'Programa Drench'!$B$5:$AA$5,0),FALSE)),VLOOKUP($H14,'Programa Drench'!$B$6:$AA$182,MATCH(W$2,'Programa Drench'!$B$5:$AA$5,0),FALSE)),1),0) -> 0 | X14: =IFERROR((VLOOKUP($H14,'Programa Drench'!$B$6:$AA$182,MATCH(X$2,'Programa Drench'!$B$5:$AA$5,0),FALSE)),0) -> 0 | Y14: =IFERROR((VLOOKUP($H14,'Programa Drench'!$B$6:$AA$182,MATCH(Y$2,'Programa Drench'!$B$5:$AA$5,0),FALSE)*Z14),0) -> 0 | Z14: =IFERROR(ROUND((W14*$I14),-1),0) -> 0 | AA14: =IFERROR(ROUND(IF($D14="SSJ",(VLOOKUP($H14,'Programa Drench'!$B$6:$AA$182,MATCH(AA$2,'Programa Drench'!$B$5:$AA$5,0),FALSE)),VLOOKUP($H14,'Programa Drench'!$B$6:$AA$182,MATCH(AA$2,'Programa Drench'!$B$5:$AA$5,0),FALSE)),1),0) -> 0 | AB14: =IFERROR((VLOOKUP($H14,'Programa Drench'!$B$6:$AA$182,MATCH(AB$2,'Programa Drench'!$B$5:$AA$5,0),FALSE)),0) -> 0 | AC14: =IFERROR((VLOOKUP($H14,'Programa Drench'!$B$6:$AA$182,MATCH(AC$2,'Programa Drench'!$B$5:$AA$5,0),FALSE)*$I14),0) -> 0 | AD14: =IFERROR(ROUND((AA14*$I14),-1),0) -> 0 | AE14: =IFERROR(ROUND((VLOOKUP($H14,'Programa Drench'!$B$6:$AA$182,MATCH(AE$2,'Programa Drench'!$B$5:$AA$5,0),FALSE)),-1),0) -> 0 | AF14: =IFERROR((VLOOKUP($H14,'Programa Drench'!$B$6:$AA$182,MATCH(AF$2,'Programa Drench'!$B$5:$AA$5,0),FALSE)),0) -> 0 | AG14: =IFERROR((VLOOKUP($H14,'Programa Drench'!$B$6:$AA$182,MATCH(AG$2,'Programa Drench'!$B$5:$AA$5,0),FALSE)*AH14),0) -> 0 | AH14: =IFERROR(ROUND((VLOOKUP($H14,'Programa Drench'!$B$6:$AA$182,MATCH(AH$2,'Programa Drench'!$B$5:$AA$5,0),FALSE)*$I14),-1),0) -> 0 | AI14: =IFERROR((VLOOKUP($H14,'Programa Drench'!$B$6:$AA$182,MATCH(AI$2,'Programa Drench'!$B$5:$AA$5,0),FALSE)),0) -> 0.7
A15: =IF(($J$1-C15)>=52,($J$1-C15-100+52+1),($J$1-C15+1)) -> 7 | B15: 10 | C15: 2613 | D15: CV | E15: P2 | F15: XL | G15: =MID(E15,1,1) -> P | H15: =CONCATENATE(A15," ",G15," ",F15) -> 7 P XL | I15: =IF(D15="MM1",VLOOKUP($B15,'Inf Bloques'!$A$1:$K$453,11,FALSE)*1,VLOOKUP($B15,'Inf Bloques'!$A$1:$K$453,11,FALSE)) -> 39.970333 | J15: =I15/9 -> 4.4411481 | K15: =IFERROR(ROUND(IF($D15="SSJ",(VLOOKUP($H15,'Programa Drench'!$B$6:$AA$182,MATCH(K$2,'Programa Drench'!$B$5:$AA$5,0),FALSE)),VLOOKUP($H15,'Programa Drench'!$B$6:$AA$182,MATCH(K$2,'Programa Drench'!$B$5:$AA$5,0),FALSE)),1),0) -> 50 | L15: =IFERROR((VLOOKUP($H15,'Programa Drench'!$B$6:$AA$182,MATCH(L$2,'Programa Drench'!$B$5:$AA$5,0),FALSE)),0) -> NAKAR 20 EC | M15: =IFERROR((VLOOKUP($H15,'Programa Drench'!$B$6:$AA$182,MATCH(M$2,'Programa Drench'!$B$5:$AA$5,0),FALSE)*N15),0) -> 1000 | N15: =IFERROR(ROUND((K15*$I15),-1),0) -> 2000 | O15: =IFERROR(ROUND(IF($D15="SSJ",(VLOOKUP($H15,'Programa Drench'!$B$6:$AA$182,MATCH(O$2,'Programa Drench'!$B$5:$AA$5,0),FALSE)),VLOOKUP($H15,'Programa Drench'!$B$6:$AA$182,MATCH(O$2,'Programa Drench'!$B$5:$AA$5,0),FALSE)),1),0) -> 50 | P15: =IFERROR((VLOOKUP($H15,'Programa Drench'!$B$6:$AA$182,MATCH(P$2,'Programa Drench'!$B$5:$AA$5,0),FALSE)),0) -> FUNGAFLOR | Q15: =IFERROR((VLOOKUP($H15,'Programa Drench'!$B$6:$AA$182,MATCH(Q$2,'Programa Drench'!$B$5:$AA$5,0),FALSE)*R15),0) -> 400 | R15: =IFERROR(ROUND((O15*$I15),-1),0) -> 2000 | S15: =IFERROR(ROUND(IF($D15="SSJ",(VLOOKUP($H15,'Programa Drench'!$B$6:$AA$182,MATCH(S$2,'Programa Drench'!$B$5:$AA$5,0),FALSE)),VLOOKUP($H15,'Programa Drench'!$B$6:$AA$182,MATCH(S$2,'Programa Drench'!$B$5:$AA$5,0),FALSE)),1),0) -> 0 | T15: =IFERROR((VLOOKUP($H15,'Programa Drench'!$B$6:$AA$182,MATCH(T$2,'Programa Drench'!$B$5:$AA$5,0),FALSE)),0) -> 0 | U15: =IFERROR((VLOOKUP($H15,'Programa Drench'!$B$6:$AA$182,MATCH(U$2,'Programa Drench'!$B$5:$AA$5,0),FALSE)*V15),0) -> 0 | V15: =IFERROR(ROUND((S15*$I15),-1),0) -> 0 | W15: =IFERROR(ROUND(IF($D15="SSJ",(VLOOKUP($H15,'Programa Drench'!$B$6:$AA$182,MATCH(W$2,'Programa Drench'!$B$5:$AA$5,0),FALSE)),VLOOKUP($H15,'Programa Drench'!$B$6:$AA$182,MATCH(W$2,'Programa Drench'!$B$5:$AA$5,0),FALSE)),1),0) -> 0 | X15: =IFERROR((VLOOKUP($H15,'Programa Drench'!$B$6:$AA$182,MATCH(X$2,'Programa Drench'!$B$5:$AA$5,0),FALSE)),0) -> 0 | Y15: =IFERROR((VLOOKUP($H15,'Programa Drench'!$B$6:$AA$182,MATCH(Y$2,'Programa Drench'!$B$5:$AA$5,0),FALSE)*Z15),0) -> 0 | Z15: =IFERROR(ROUND((W15*$I15),-1),0) -> 0 | AA15: =IFERROR(ROUND(IF($D15="SSJ",(VLOOKUP($H15,'Programa Drench'!$B$6:$AA$182,MATCH(AA$2,'Programa Drench'!$B$5:$AA$5,0),FALSE)),VLOOKUP($H15,'Programa Drench'!$B$6:$AA$182,MATCH(AA$2,'Programa Drench'!$B$5:$AA$5,0),FALSE)),1),0) -> 0 | AB15: =IFERROR((VLOOKUP($H15,'Programa Drench'!$B$6:$AA$182,MATCH(AB$2,'Programa Drench'!$B$5:$AA$5,0),FALSE)),0) -> 0 | AC15: =IFERROR((VLOOKUP($H15,'Programa Drench'!$B$6:$AA$182,MATCH(AC$2,'Programa Drench'!$B$5:$AA$5,0),FALSE)*$I15),0) -> 0 | AD15: =IFERROR(ROUND((AA15*$I15),-1),0) -> 0 | AE15: =IFERROR(ROUND((VLOOKUP($H15,'Programa Drench'!$B$6:$AA$182,MATCH(AE$2,'Programa Drench'!$B$5:$AA$5,0),FALSE)),-1),0) -> 0 | AF15: =IFERROR((VLOOKUP($H15,'Programa Drench'!$B$6:$AA$182,MATCH(AF$2,'Programa Drench'!$B$5:$AA$5,0),FALSE)),0) -> 0 | AG15: =IFERROR((VLOOKUP($H15,'Programa Drench'!$B$6:$AA$182,MATCH(AG$2,'Programa Drench'!$B$5:$AA$5,0),FALSE)*AH15),0) -> 0 | AH15: =IFERROR(ROUND((VLOOKUP($H15,'Programa Drench'!$B$6:$AA$182,MATCH(AH$2,'Programa Drench'!$B$5:$AA$5,0),FALSE)*$I15),-1),0) -> 0 | AI15: =IFERROR((VLOOKUP($H15,'Programa Drench'!$B$6:$AA$182,MATCH(AI$2,'Programa Drench'!$B$5:$AA$5,0),FALSE)),0) -> 0.7
A16: =IF(($J$1-C16)>=52,($J$1-C16-100+52+1),($J$1-C16+1)) -> 7 | B16: 11 | C16: 2613 | D16: CV | E16: P2 | F16: XL | G16: =MID(E16,1,1) -> P | H16: =CONCATENATE(A16," ",G16," ",F16) -> 7 P XL | I16: =IF(D16="MM1",VLOOKUP($B16,'Inf Bloques'!$A$1:$K$453,11,FALSE)*1,VLOOKUP($B16,'Inf Bloques'!$A$1:$K$453,11,FALSE)) -> 38.554167 | J16: =I16/9 -> 4.2837963 | K16: =IFERROR(ROUND(IF($D16="SSJ",(VLOOKUP($H16,'Programa Drench'!$B$6:$AA$182,MATCH(K$2,'Programa Drench'!$B$5:$AA$5,0),FALSE)),VLOOKUP($H16,'Programa Drench'!$B$6:$AA$182,MATCH(K$2,'Programa Drench'!$B$5:$AA$5,0),FALSE)),1),0) -> 50 | L16: =IFERROR((VLOOKUP($H16,'Programa Drench'!$B$6:$AA$182,MATCH(L$2,'Programa Drench'!$B$5:$AA$5,0),FALSE)),0) -> NAKAR 20 EC | M16: =IFERROR((VLOOKUP($H16,'Programa Drench'!$B$6:$AA$182,MATCH(M$2,'Programa Drench'!$B$5:$AA$5,0),FALSE)*N16),0) -> 965 | N16: =IFERROR(ROUND((K16*$I16),-1),0) -> 1930 | O16: =IFERROR(ROUND(IF($D16="SSJ",(VLOOKUP($H16,'Programa Drench'!$B$6:$AA$182,MATCH(O$2,'Programa Drench'!$B$5:$AA$5,0),FALSE)),VLOOKUP($H16,'Programa Drench'!$B$6:$AA$182,MATCH(O$2,'Programa Drench'!$B$5:$AA$5,0),FALSE)),1),0) -> 50 | P16: =IFERROR((VLOOKUP($H16,'Programa Drench'!$B$6:$AA$182,MATCH(P$2,'Programa Drench'!$B$5:$AA$5,0),FALSE)),0) -> FUNGAFLOR | Q16: =IFERROR((VLOOKUP($H16,'Programa Drench'!$B$6:$AA$182,MATCH(Q$2,'Programa Drench'!$B$5:$AA$5,0),FALSE)*R16),0) -> 386 | R16: =IFERROR(ROUND((O16*$I16),-1),0) -> 1930 | S16: =IFERROR(ROUND(IF($D16="SSJ",(VLOOKUP($H16,'Programa Drench'!$B$6:$AA$182,MATCH(S$2,'Programa Drench'!$B$5:$AA$5,0),FALSE)),VLOOKUP($H16,'Programa Drench'!$B$6:$AA$182,MATCH(S$2,'Programa Drench'!$B$5:$AA$5,0),FALSE)),1),0) -> 0 | T16: =IFERROR((VLOOKUP($H16,'Programa Drench'!$B$6:$AA$182,MATCH(T$2,'Programa Drench'!$B$5:$AA$5,0),FALSE)),0) -> 0 | U16: =IFERROR((VLOOKUP($H16,'Programa Drench'!$B$6:$AA$182,MATCH(U$2,'Programa Drench'!$B$5:$AA$5,0),FALSE)*V16),0) -> 0 | V16: =IFERROR(ROUND((S16*$I16),-1),0) -> 0 | W16: =IFERROR(ROUND(IF($D16="SSJ",(VLOOKUP($H16,'Programa Drench'!$B$6:$AA$182,MATCH(W$2,'Programa Drench'!$B$5:$AA$5,0),FALSE)),VLOOKUP($H16,'Programa Drench'!$B$6:$AA$182,MATCH(W$2,'Programa Drench'!$B$5:$AA$5,0),FALSE)),1),0) -> 0 | X16: =IFERROR((VLOOKUP($H16,'Programa Drench'!$B$6:$AA$182,MATCH(X$2,'Programa Drench'!$B$5:$AA$5,0),FALSE)),0) -> 0 | Y16: =IFERROR((VLOOKUP($H16,'Programa Drench'!$B$6:$AA$182,MATCH(Y$2,'Programa Drench'!$B$5:$AA$5,0),FALSE)*Z16),0) -> 0 | Z16: =IFERROR(ROUND((W16*$I16),-1),0) -> 0 | AA16: =IFERROR(ROUND(IF($D16="SSJ",(VLOOKUP($H16,'Programa Drench'!$B$6:$AA$182,MATCH(AA$2,'Programa Drench'!$B$5:$AA$5,0),FALSE)),VLOOKUP($H16,'Programa Drench'!$B$6:$AA$182,MATCH(AA$2,'Programa Drench'!$B$5:$AA$5,0),FALSE)),1),0) -> 0 | AB16: =IFERROR((VLOOKUP($H16,'Programa Drench'!$B$6:$AA$182,MATCH(AB$2,'Programa Drench'!$B$5:$AA$5,0),FALSE)),0) -> 0 | AC16: =IFERROR((VLOOKUP($H16,'Programa Drench'!$B$6:$AA$182,MATCH(AC$2,'Programa Drench'!$B$5:$AA$5,0),FALSE)*$I16),0) -> 0 | AD16: =IFERROR(ROUND((AA16*$I16),-1),0) -> 0 | AE16: =IFERROR(ROUND((VLOOKUP($H16,'Programa Drench'!$B$6:$AA$182,MATCH(AE$2,'Programa Drench'!$B$5:$AA$5,0),FALSE)),-1),0) -> 0 | AF16: =IFERROR((VLOOKUP($H16,'Programa Drench'!$B$6:$AA$182,MATCH(AF$2,'Programa Drench'!$B$5:$AA$5,0),FALSE)),0) -> 0 | AG16: =IFERROR((VLOOKUP($H16,'Programa Drench'!$B$6:$AA$182,MATCH(AG$2,'Programa Drench'!$B$5:$AA$5,0),FALSE)*AH16),0) -> 0 | AH16: =IFERROR(ROUND((VLOOKUP($H16,'Programa Drench'!$B$6:$AA$182,MATCH(AH$2,'Programa Drench'!$B$5:$AA$5,0),FALSE)*$I16),-1),0) -> 0 | AI16: =IFERROR((VLOOKUP($H16,'Programa Drench'!$B$6:$AA$182,MATCH(AI$2,'Programa Drench'!$B$5:$AA$5,0),FALSE)),0) -> 0.7
A17: =IF(($J$1-C17)>=52,($J$1-C17-100+52+1),($J$1-C17+1)) -> 7 | B17: 13 | C17: 2613 | D17: CV | E17: P2 | F17: CLO | G17: =MID(E17,1,1) -> P | H17: =CONCATENATE(A17," ",G17," ",F17) -> 7 P CLO | I17: =IF(D17="MM1",VLOOKUP($B17,'Inf Bloques'!$A$1:$K$453,11,FALSE)*1,VLOOKUP($B17,'Inf Bloques'!$A$1:$K$453,11,FALSE)) -> 33.1104 | J17: =I17/9 -> 3.6789333 | K17: =IFERROR(ROUND(IF($D17="SSJ",(VLOOKUP($H17,'Programa Drench'!$B$6:$AA$182,MATCH(K$2,'Programa Drench'!$B$5:$AA$5,0),FALSE)),VLOOKUP($H17,'Programa Drench'!$B$6:$AA$182,MATCH(K$2,'Programa Drench'!$B$5:$AA$5,0),FALSE)),1),0) -> 50 | L17: =IFERROR((VLOOKUP($H17,'Programa Drench'!$B$6:$AA$182,MATCH(L$2,'Programa Drench'!$B$5:$AA$5,0),FALSE)),0) -> ALCAPLANT | M17: =IFERROR((VLOOKUP($H17,'Programa Drench'!$B$6:$AA$182,MATCH(M$2,'Programa Drench'!$B$5:$AA$5,0),FALSE)*N17),0) -> 1826 | N17: =IFERROR(ROUND((K17*$I17),-1),0) -> 1660 | O17: =IFERROR(ROUND(IF($D17="SSJ",(VLOOKUP($H17,'Programa Drench'!$B$6:$AA$182,MATCH(O$2,'Programa Drench'!$B$5:$AA$5,0),FALSE)),VLOOKUP($H17,'Programa Drench'!$B$6:$AA$182,MATCH(O$2,'Programa Drench'!$B$5:$AA$5,0),FALSE)),1),0) -> 0 | P17: =IFERROR((VLOOKUP($H17,'Programa Drench'!$B$6:$AA$182,MATCH(P$2,'Programa Drench'!$B$5:$AA$5,0),FALSE)),0) -> 0 | Q17: =IFERROR((VLOOKUP($H17,'Programa Drench'!$B$6:$AA$182,MATCH(Q$2,'Programa Drench'!$B$5:$AA$5,0),FALSE)*R17),0) -> 0 | R17: =IFERROR(ROUND((O17*$I17),-1),0) -> 0 | S17: =IFERROR(ROUND(IF($D17="SSJ",(VLOOKUP($H17,'Programa Drench'!$B$6:$AA$182,MATCH(S$2,'Programa Drench'!$B$5:$AA$5,0),FALSE)),VLOOKUP($H17,'Programa Drench'!$B$6:$AA$182,MATCH(S$2,'Programa Drench'!$B$5:$AA$5,0),FALSE)),1),0) -> 0 | T17: =IFERROR((VLOOKUP($H17,'Programa Drench'!$B$6:$AA$182,MATCH(T$2,'Programa Drench'!$B$5:$AA$5,0),FALSE)),0) -> 0 | U17: =IFERROR((VLOOKUP($H17,'Programa Drench'!$B$6:$AA$182,MATCH(U$2,'Programa Drench'!$B$5:$AA$5,0),FALSE)*V17),0) -> 0 | V17: =IFERROR(ROUND((S17*$I17),-1),0) -> 0 | W17: =IFERROR(ROUND(IF($D17="SSJ",(VLOOKUP($H17,'Programa Drench'!$B$6:$AA$182,MATCH(W$2,'Programa Drench'!$B$5:$AA$5,0),FALSE)),VLOOKUP($H17,'Programa Drench'!$B$6:$AA$182,MATCH(W$2,'Programa Drench'!$B$5:$AA$5,0),FALSE)),1),0) -> 0 | X17: =IFERROR((VLOOKUP($H17,'Programa Drench'!$B$6:$AA$182,MATCH(X$2,'Programa Drench'!$B$5:$AA$5,0),FALSE)),0) -> 0 | Y17: =IFERROR((VLOOKUP($H17,'Programa Drench'!$B$6:$AA$182,MATCH(Y$2,'Programa Drench'!$B$5:$AA$5,0),FALSE)*Z17),0) -> 0 | Z17: =IFERROR(ROUND((W17*$I17),-1),0) -> 0 | AA17: =IFERROR(ROUND(IF($D17="SSJ",(VLOOKUP($H17,'Programa Drench'!$B$6:$AA$182,MATCH(AA$2,'Programa Drench'!$B$5:$AA$5,0),FALSE)),VLOOKUP($H17,'Programa Drench'!$B$6:$AA$182,MATCH(AA$2,'Programa Drench'!$B$5:$AA$5,0),FALSE)),1),0) -> 0 | AB17: =IFERROR((VLOOKUP($H17,'Programa Drench'!$B$6:$AA$182,MATCH(AB$2,'Programa Drench'!$B$5:$AA$5,0),FALSE)),0) -> 0 | AC17: =IFERROR((VLOOKUP($H17,'Programa Drench'!$B$6:$AA$182,MATCH(AC$2,'Programa Drench'!$B$5:$AA$5,0),FALSE)*$I17),0) -> 0 | AD17: =IFERROR(ROUND((AA17*$I17),-1),0) -> 0 | AE17: =IFERROR(ROUND((VLOOKUP($H17,'Programa Drench'!$B$6:$AA$182,MATCH(AE$2,'Programa Drench'!$B$5:$AA$5,0),FALSE)),-1),0) -> 0 | AF17: =IFERROR((VLOOKUP($H17,'Programa Drench'!$B$6:$AA$182,MATCH(AF$2,'Programa Drench'!$B$5:$AA$5,0),FALSE)),0) -> 0 | AG17: =IFERROR((VLOOKUP($H17,'Programa Drench'!$B$6:$AA$182,MATCH(AG$2,'Programa Drench'!$B$5:$AA$5,0),FALSE)*AH17),0) -> 0 | AH17: =IFERROR(ROUND((VLOOKUP($H17,'Programa Drench'!$B$6:$AA$182,MATCH(AH$2,'Programa Drench'!$B$5:$AA$5,0),FALSE)*$I17),-1),0) -> 0 | AI17: =IFERROR((VLOOKUP($H17,'Programa Drench'!$B$6:$AA$182,MATCH(AI$2,'Programa Drench'!$B$5:$AA$5,0),FALSE)),0) -> 1.1
A18: =IF(($J$1-C18)>=52,($J$1-C18-100+52+1),($J$1-C18+1)) -> 5 | B18: 20A | C18: 2615 | D18: CV | E18: P1 | F18: CLO | G18: =MID(E18,1,1) -> P | H18: =CONCATENATE(A18," ",G18," ",F18) -> 5 P CLO | I18: =IF(D18="MM1",VLOOKUP($B18,'Inf Bloques'!$A$1:$K$453,11,FALSE)*1,VLOOKUP($B18,'Inf Bloques'!$A$1:$K$453,11,FALSE)) -> 20.656167 | J18: =I18/9 -> 2.2951296 | K18: =IFERROR(ROUND(IF($D18="SSJ",(VLOOKUP($H18,'Programa Drench'!$B$6:$AA$182,MATCH(K$2,'Programa Drench'!$B$5:$AA$5,0),FALSE)),VLOOKUP($H18,'Programa Drench'!$B$6:$AA$182,MATCH(K$2,'Programa Drench'!$B$5:$AA$5,0),FALSE)),1),0) -> 50 | L18: =IFERROR((VLOOKUP($H18,'Programa Drench'!$B$6:$AA$182,MATCH(L$2,'Programa Drench'!$B$5:$AA$5,0),FALSE)),0) -> RAIZA | M18: =IFERROR((VLOOKUP($H18,'Programa Drench'!$B$6:$AA$182,MATCH(M$2,'Programa Drench'!$B$5:$AA$5,0),FALSE)*N18),0) -> 339.9 | N18: =IFERROR(ROUND((K18*$I18),-1),0) -> 1030 | O18: =IFERROR(ROUND(IF($D18="SSJ",(VLOOKUP($H18,'Programa Drench'!$B$6:$AA$182,MATCH(O$2,'Programa Drench'!$B$5:$AA$5,0),FALSE)),VLOOKUP($H18,'Programa Drench'!$B$6:$AA$182,MATCH(O$2,'Programa Drench'!$B$5:$AA$5,0),FALSE)),1),0) -> 50 | P18: =IFERROR((VLOOKUP($H18,'Programa Drench'!$B$6:$AA$182,MATCH(P$2,'Programa Drench'!$B$5:$AA$5,0),FALSE)),0) -> HUMISTAR WG | Q18: =IFERROR((VLOOKUP($H18,'Programa Drench'!$B$6:$AA$182,MATCH(Q$2,'Programa Drench'!$B$5:$AA$5,0),FALSE)*R18),0) -> 206 | R18: =IFERROR(ROUND((O18*$I18),-1),0) -> 1030 | S18: =IFERROR(ROUND(IF($D18="SSJ",(VLOOKUP($H18,'Programa Drench'!$B$6:$AA$182,MATCH(S$2,'Programa Drench'!$B$5:$AA$5,0),FALSE)),VLOOKUP($H18,'Programa Drench'!$B$6:$AA$182,MATCH(S$2,'Programa Drench'!$B$5:$AA$5,0),FALSE)),1),0) -> 50 | T18: =IFERROR((VLOOKUP($H18,'Programa Drench'!$B$6:$AA$182,MATCH(T$2,'Programa Drench'!$B$5:$AA$5,0),FALSE)),0) -> Beauveria | U18: =IFERROR((VLOOKUP($H18,'Programa Drench'!$B$6:$AA$182,MATCH(U$2,'Programa Drench'!$B$5:$AA$5,0),FALSE)*V18),0) -> 6180 | V18: =IFERROR(ROUND((S18*$I18),-1),0) -> 1030 | W18: =IFERROR(ROUND(IF($D18="SSJ",(VLOOKUP($H18,'Programa Drench'!$B$6:$AA$182,MATCH(W$2,'Programa Drench'!$B$5:$AA$5,0),FALSE)),VLOOKUP($H18,'Programa Drench'!$B$6:$AA$182,MATCH(W$2,'Programa Drench'!$B$5:$AA$5,0),FALSE)),1),0) -> 50 | X18: =IFERROR((VLOOKUP($H18,'Programa Drench'!$B$6:$AA$182,MATCH(X$2,'Programa Drench'!$B$5:$AA$5,0),FALSE)),0) -> Paecilomyces | Y18: =IFERROR((VLOOKUP($H18,'Programa Drench'!$B$6:$AA$182,MATCH(Y$2,'Programa Drench'!$B$5:$AA$5,0),FALSE)*Z18),0) -> 8240 | Z18: =IFERROR(ROUND((W18*$I18),-1),0) -> 1030 | AA18: =IFERROR(ROUND(IF($D18="SSJ",(VLOOKUP($H18,'Programa Drench'!$B$6:$AA$182,MATCH(AA$2,'Programa Drench'!$B$5:$AA$5,0),FALSE)),VLOOKUP($H18,'Programa Drench'!$B$6:$AA$182,MATCH(AA$2,'Programa Drench'!$B$5:$AA$5,0),FALSE)),1),0) -> 50 | AB18: =IFERROR((VLOOKUP($H18,'Programa Drench'!$B$6:$AA$182,MATCH(AB$2,'Programa Drench'!$B$5:$AA$5,0),FALSE)),0) -> Trichoderma | AC18: =IFERROR((VLOOKUP($H18,'Programa Drench'!$B$6:$AA$182,MATCH(AC$2,'Programa Drench'!$B$5:$AA$5,0),FALSE)*$I18),0) -> 20.656167 | AD18: =IFERROR(ROUND((AA18*$I18),-1),0) -> 1030 | AE18: =IFERROR(ROUND((VLOOKUP($H18,'Programa Drench'!$B$6:$AA$182,MATCH(AE$2,'Programa Drench'!$B$5:$AA$5,0),FALSE)),-1),0) -> 0 | AF18: =IFERROR((VLOOKUP($H18,'Programa Drench'!$B$6:$AA$182,MATCH(AF$2,'Programa Drench'!$B$5:$AA$5,0),FALSE)),0) -> 0 | AG18: =IFERROR((VLOOKUP($H18,'Programa Drench'!$B$6:$AA$182,MATCH(AG$2,'Programa Drench'!$B$5:$AA$5,0),FALSE)*AH18),0) -> 0 | AH18: =IFERROR(ROUND((VLOOKUP($H18,'Programa Drench'!$B$6:$AA$182,MATCH(AH$2,'Programa Drench'!$B$5:$AA$5,0),FALSE)*$I18),-1),0) -> 0 | AI18: =IFERROR((VLOOKUP($H18,'Programa Drench'!$B$6:$AA$182,MATCH(AI$2,'Programa Drench'!$B$5:$AA$5,0),FALSE)),0) -> 15.53
A19: =IF(($J$1-C19)>=52,($J$1-C19-100+52+1),($J$1-C19+1)) -> 4 | B19: 20B | C19: 2616 | D19: CV | E19: P1 | F19: CLO | G19: =MID(E19,1,1) -> P | H19: =CONCATENATE(A19," ",G19," ",F19) -> 4 P CLO | I19: =IF(D19="MM1",VLOOKUP($B19,'Inf Bloques'!$A$1:$K$453,11,FALSE)*1,VLOOKUP($B19,'Inf Bloques'!$A$1:$K$453,11,FALSE)) -> 20.656167 | J19: =I19/9 -> 2.2951296 | K19: =IFERROR(ROUND(IF($D19="SSJ",(VLOOKUP($H19,'Programa Drench'!$B$6:$AA$182,MATCH(K$2,'Programa Drench'!$B$5:$AA$5,0),FALSE)),VLOOKUP($H19,'Programa Drench'!$B$6:$AA$182,MATCH(K$2,'Programa Drench'!$B$5:$AA$5,0),FALSE)),1),0) -> 7 | L19: =IFERROR((VLOOKUP($H19,'Programa Drench'!$B$6:$AA$182,MATCH(L$2,'Programa Drench'!$B$5:$AA$5,0),FALSE)),0) -> FOLIOGOLD | M19: =IFERROR((VLOOKUP($H19,'Programa Drench'!$B$6:$AA$182,MATCH(M$2,'Programa Drench'!$B$5:$AA$5,0),FALSE)*N19),0) -> 280 | N19: =IFERROR(ROUND((K19*$I19),-1),0) -> 140 | O19: =IFERROR(ROUND(IF($D19="SSJ",(VLOOKUP($H19,'Programa Drench'!$B$6:$AA$182,MATCH(O$2,'Programa Drench'!$B$5:$AA$5,0),FALSE)),VLOOKUP($H19,'Programa Drench'!$B$6:$AA$182,MATCH(O$2,'Programa Drench'!$B$5:$AA$5,0),FALSE)),1),0) -> 7 | P19: =IFERROR((VLOOKUP($H19,'Programa Drench'!$B$6:$AA$182,MATCH(P$2,'Programa Drench'!$B$5:$AA$5,0),FALSE)),0) -> Agral | Q19: =IFERROR((VLOOKUP($H19,'Programa Drench'!$B$6:$AA$182,MATCH(Q$2,'Programa Drench'!$B$5:$AA$5,0),FALSE)*R19),0) -> 28 | R19: =IFERROR(ROUND((O19*$I19),-1),0) -> 140 | S19: =IFERROR(ROUND(IF($D19="SSJ",(VLOOKUP($H19,'Programa Drench'!$B$6:$AA$182,MATCH(S$2,'Programa Drench'!$B$5:$AA$5,0),FALSE)),VLOOKUP($H19,'Programa Drench'!$B$6:$AA$182,MATCH(S$2,'Programa Drench'!$B$5:$AA$5,0),FALSE)),1),0) -> 0 | T19: =IFERROR((VLOOKUP($H19,'Programa Drench'!$B$6:$AA$182,MATCH(T$2,'Programa Drench'!$B$5:$AA$5,0),FALSE)),0) -> 0 | U19: =IFERROR((VLOOKUP($H19,'Programa Drench'!$B$6:$AA$182,MATCH(U$2,'Programa Drench'!$B$5:$AA$5,0),FALSE)*V19),0) -> 0 | V19: =IFERROR(ROUND((S19*$I19),-1),0) -> 0 | W19: =IFERROR(ROUND(IF($D19="SSJ",(VLOOKUP($H19,'Programa Drench'!$B$6:$AA$182,MATCH(W$2,'Programa Drench'!$B$5:$AA$5,0),FALSE)),VLOOKUP($H19,'Programa Drench'!$B$6:$AA$182,MATCH(W$2,'Programa Drench'!$B$5:$AA$5,0),FALSE)),1),0) -> 0 | X19: =IFERROR((VLOOKUP($H19,'Programa Drench'!$B$6:$AA$182,MATCH(X$2,'Programa Drench'!$B$5:$AA$5,0),FALSE)),0) -> 0 | Y19: =IFERROR((VLOOKUP($H19,'Programa Drench'!$B$6:$AA$182,MATCH(Y$2,'Programa Drench'!$B$5:$AA$5,0),FALSE)*Z19),0) -> 0 | Z19: =IFERROR(ROUND((W19*$I19),-1),0) -> 0 | AA19: =IFERROR(ROUND(IF($D19="SSJ",(VLOOKUP($H19,'Programa Drench'!$B$6:$AA$182,MATCH(AA$2,'Programa Drench'!$B$5:$AA$5,0),FALSE)),VLOOKUP($H19,'Programa Drench'!$B$6:$AA$182,MATCH(AA$2,'Programa Drench'!$B$5:$AA$5,0),FALSE)),1),0) -> 0 | AB19: =IFERROR((VLOOKUP($H19,'Programa Drench'!$B$6:$AA$182,MATCH(AB$2,'Programa Drench'!$B$5:$AA$5,0),FALSE)),0) -> 0 | AC19: =IFERROR((VLOOKUP($H19,'Programa Drench'!$B$6:$AA$182,MATCH(AC$2,'Programa Drench'!$B$5:$AA$5,0),FALSE)*$I19),0) -> 0 | AD19: =IFERROR(ROUND((AA19*$I19),-1),0) -> 0 | AE19: =IFERROR(ROUND((VLOOKUP($H19,'Programa Drench'!$B$6:$AA$182,MATCH(AE$2,'Programa Drench'!$B$5:$AA$5,0),FALSE)),-1),0) -> 0 | AF19: =IFERROR((VLOOKUP($H19,'Programa Drench'!$B$6:$AA$182,MATCH(AF$2,'Programa Drench'!$B$5:$AA$5,0),FALSE)),0) -> 0 | AG19: =IFERROR((VLOOKUP($H19,'Programa Drench'!$B$6:$AA$182,MATCH(AG$2,'Programa Drench'!$B$5:$AA$5,0),FALSE)*AH19),0) -> 0 | AH19: =IFERROR(ROUND((VLOOKUP($H19,'Programa Drench'!$B$6:$AA$182,MATCH(AH$2,'Programa Drench'!$B$5:$AA$5,0),FALSE)*$I19),-1),0) -> 0 | AI19: =IFERROR((VLOOKUP($H19,'Programa Drench'!$B$6:$AA$182,MATCH(AI$2,'Programa Drench'!$B$5:$AA$5,0),FALSE)),0) -> 2.2
A20: =IF(($J$1-C20)>=52,($J$1-C20-100+52+1),($J$1-C20+1)) -> 3 | B20: 16 | C20: 2617 | D20: CV | E20: P2 | F20: XL | G20: =MID(E20,1,1) -> P | H20: =CONCATENATE(A20," ",G20," ",F20) -> 3 P XL | I20: =IF(D20="MM1",VLOOKUP($B20,'Inf Bloques'!$A$1:$K$453,11,FALSE)*1,VLOOKUP($B20,'Inf Bloques'!$A$1:$K$453,11,FALSE)) -> 40.747483 | J20: =I20/9 -> 4.5274981 | K20: =IFERROR(ROUND(IF($D20="SSJ",(VLOOKUP($H20,'Programa Drench'!$B$6:$AA$182,MATCH(K$2,'Programa Drench'!$B$5:$AA$5,0),FALSE)),VLOOKUP($H20,'Programa Drench'!$B$6:$AA$182,MATCH(K$2,'Programa Drench'!$B$5:$AA$5,0),FALSE)),1),0) -> 50 | L20: =IFERROR((VLOOKUP($H20,'Programa Drench'!$B$6:$AA$182,MATCH(L$2,'Programa Drench'!$B$5:$AA$5,0),FALSE)),0) -> Alto 100 | M20: =IFERROR((VLOOKUP($H20,'Programa Drench'!$B$6:$AA$182,MATCH(M$2,'Programa Drench'!$B$5:$AA$5,0),FALSE)*N20),0) -> 1305.6 | N20: =IFERROR(ROUND((K20*$I20),-1),0) -> 2040 | O20: =IFERROR(ROUND(IF($D20="SSJ",(VLOOKUP($H20,'Programa Drench'!$B$6:$AA$182,MATCH(O$2,'Programa Drench'!$B$5:$AA$5,0),FALSE)),VLOOKUP($H20,'Programa Drench'!$B$6:$AA$182,MATCH(O$2,'Programa Drench'!$B$5:$AA$5,0),FALSE)),1),0) -> 0 | P20: =IFERROR((VLOOKUP($H20,'Programa Drench'!$B$6:$AA$182,MATCH(P$2,'Programa Drench'!$B$5:$AA$5,0),FALSE)),0) -> 0 | Q20: =IFERROR((VLOOKUP($H20,'Programa Drench'!$B$6:$AA$182,MATCH(Q$2,'Programa Drench'!$B$5:$AA$5,0),FALSE)*R20),0) -> 0 | R20: =IFERROR(ROUND((O20*$I20),-1),0) -> 0 | S20: =IFERROR(ROUND(IF($D20="SSJ",(VLOOKUP($H20,'Programa Drench'!$B$6:$AA$182,MATCH(S$2,'Programa Drench'!$B$5:$AA$5,0),FALSE)),VLOOKUP($H20,'Programa Drench'!$B$6:$AA$182,MATCH(S$2,'Programa Drench'!$B$5:$AA$5,0),FALSE)),1),0) -> 0 | T20: =IFERROR((VLOOKUP($H20,'Programa Drench'!$B$6:$AA$182,MATCH(T$2,'Programa Drench'!$B$5:$AA$5,0),FALSE)),0) -> 0 | U20: =IFERROR((VLOOKUP($H20,'Programa Drench'!$B$6:$AA$182,MATCH(U$2,'Programa Drench'!$B$5:$AA$5,0),FALSE)*V20),0) -> 0 | V20: =IFERROR(ROUND((S20*$I20),-1),0) -> 0 | W20: =IFERROR(ROUND(IF($D20="SSJ",(VLOOKUP($H20,'Programa Drench'!$B$6:$AA$182,MATCH(W$2,'Programa Drench'!$B$5:$AA$5,0),FALSE)),VLOOKUP($H20,'Programa Drench'!$B$6:$AA$182,MATCH(W$2,'Programa Drench'!$B$5:$AA$5,0),FALSE)),1),0) -> 0 | X20: =IFERROR((VLOOKUP($H20,'Programa Drench'!$B$6:$AA$182,MATCH(X$2,'Programa Drench'!$B$5:$AA$5,0),FALSE)),0) -> 0 | Y20: =IFERROR((VLOOKUP($H20,'Programa Drench'!$B$6:$AA$182,MATCH(Y$2,'Programa Drench'!$B$5:$AA$5,0),FALSE)*Z20),0) -> 0 | Z20: =IFERROR(ROUND((W20*$I20),-1),0) -> 0 | AA20: =IFERROR(ROUND(IF($D20="SSJ",(VLOOKUP($H20,'Programa Drench'!$B$6:$AA$182,MATCH(AA$2,'Programa Drench'!$B$5:$AA$5,0),FALSE)),VLOOKUP($H20,'Programa Drench'!$B$6:$AA$182,MATCH(AA$2,'Programa Drench'!$B$5:$AA$5,0),FALSE)),1),0) -> 0 | AB20: =IFERROR((VLOOKUP($H20,'Programa Drench'!$B$6:$AA$182,MATCH(AB$2,'Programa Drench'!$B$5:$AA$5,0),FALSE)),0) -> 0 | AC20: =IFERROR((VLOOKUP($H20,'Programa Drench'!$B$6:$AA$182,MATCH(AC$2,'Programa Drench'!$B$5:$AA$5,0),FALSE)*$I20),0) -> 0 | AD20: =IFERROR(ROUND((AA20*$I20),-1),0) -> 0 | AE20: =IFERROR(ROUND((VLOOKUP($H20,'Programa Drench'!$B$6:$AA$182,MATCH(AE$2,'Programa Drench'!$B$5:$AA$5,0),FALSE)),-1),0) -> 0 | AF20: =IFERROR((VLOOKUP($H20,'Programa Drench'!$B$6:$AA$182,MATCH(AF$2,'Programa Drench'!$B$5:$AA$5,0),FALSE)),0) -> 0 | AG20: =IFERROR((VLOOKUP($H20,'Programa Drench'!$B$6:$AA$182,MATCH(AG$2,'Programa Drench'!$B$5:$AA$5,0),FALSE)*AH20),0) -> 0 | AH20: =IFERROR(ROUND((VLOOKUP($H20,'Programa Drench'!$B$6:$AA$182,MATCH(AH$2,'Programa Drench'!$B$5:$AA$5,0),FALSE)*$I20),-1),0) -> 0 | AI20: =IFERROR((VLOOKUP($H20,'Programa Drench'!$B$6:$AA$182,MATCH(AI$2,'Programa Drench'!$B$5:$AA$5,0),FALSE)),0) -> 0.64
A21: =IF(($J$1-C21)>=52,($J$1-C21-100+52+1),($J$1-C21+1)) -> 3 | B21: 1A | C21: 2617 | D21: CV | E21: P2 | F21: CLO | G21: =MID(E21,1,1) -> P | H21: =CONCATENATE(A21," ",G21," ",F21) -> 3 P CLO | I21: =IF(D21="MM1",VLOOKUP($B21,'Inf Bloques'!$A$1:$K$453,11,FALSE)*1,VLOOKUP($B21,'Inf Bloques'!$A$1:$K$453,11,FALSE)) -> 20.349633 | J21: =I21/9 -> 2.2610704 | K21: =IFERROR(ROUND(IF($D21="SSJ",(VLOOKUP($H21,'Programa Drench'!$B$6:$AA$182,MATCH(K$2,'Programa Drench'!$B$5:$AA$5,0),FALSE)),VLOOKUP($H21,'Programa Drench'!$B$6:$AA$182,MATCH(K$2,'Programa Drench'!$B$5:$AA$5,0),FALSE)),1),0) -> 50 | L21: =IFERROR((VLOOKUP($H21,'Programa Drench'!$B$6:$AA$182,MATCH(L$2,'Programa Drench'!$B$5:$AA$5,0),FALSE)),0) -> Alto 100 | M21: =IFERROR((VLOOKUP($H21,'Programa Drench'!$B$6:$AA$182,MATCH(M$2,'Programa Drench'!$B$5:$AA$5,0),FALSE)*N21),0) -> 652.8 | N21: =IFERROR(ROUND((K21*$I21),-1),0) -> 1020 | O21: =IFERROR(ROUND(IF($D21="SSJ",(VLOOKUP($H21,'Programa Drench'!$B$6:$AA$182,MATCH(O$2,'Programa Drench'!$B$5:$AA$5,0),FALSE)),VLOOKUP($H21,'Programa Drench'!$B$6:$AA$182,MATCH(O$2,'Programa Drench'!$B$5:$AA$5,0),FALSE)),1),0) -> 0 | P21: =IFERROR((VLOOKUP($H21,'Programa Drench'!$B$6:$AA$182,MATCH(P$2,'Programa Drench'!$B$5:$AA$5,0),FALSE)),0) -> 0 | Q21: =IFERROR((VLOOKUP($H21,'Programa Drench'!$B$6:$AA$182,MATCH(Q$2,'Programa Drench'!$B$5:$AA$5,0),FALSE)*R21),0) -> 0 | R21: =IFERROR(ROUND((O21*$I21),-1),0) -> 0 | S21: =IFERROR(ROUND(IF($D21="SSJ",(VLOOKUP($H21,'Programa Drench'!$B$6:$AA$182,MATCH(S$2,'Programa Drench'!$B$5:$AA$5,0),FALSE)),VLOOKUP($H21,'Programa Drench'!$B$6:$AA$182,MATCH(S$2,'Programa Drench'!$B$5:$AA$5,0),FALSE)),1),0) -> 0 | T21: =IFERROR((VLOOKUP($H21,'Programa Drench'!$B$6:$AA$182,MATCH(T$2,'Programa Drench'!$B$5:$AA$5,0),FALSE)),0) -> 0 | U21: =IFERROR((VLOOKUP($H21,'Programa Drench'!$B$6:$AA$182,MATCH(U$2,'Programa Drench'!$B$5:$AA$5,0),FALSE)*V21),0) -> 0 | V21: =IFERROR(ROUND((S21*$I21),-1),0) -> 0 | W21: =IFERROR(ROUND(IF($D21="SSJ",(VLOOKUP($H21,'Programa Drench'!$B$6:$AA$182,MATCH(W$2,'Programa Drench'!$B$5:$AA$5,0),FALSE)),VLOOKUP($H21,'Programa Drench'!$B$6:$AA$182,MATCH(W$2,'Programa Drench'!$B$5:$AA$5,0),FALSE)),1),0) -> 0 | X21: =IFERROR((VLOOKUP($H21,'Programa Drench'!$B$6:$AA$182,MATCH(X$2,'Programa Drench'!$B$5:$AA$5,0),FALSE)),0) -> 0 | Y21: =IFERROR((VLOOKUP($H21,'Programa Drench'!$B$6:$AA$182,MATCH(Y$2,'Programa Drench'!$B$5:$AA$5,0),FALSE)*Z21),0) -> 0 | Z21: =IFERROR(ROUND((W21*$I21),-1),0) -> 0 | AA21: =IFERROR(ROUND(IF($D21="SSJ",(VLOOKUP($H21,'Programa Drench'!$B$6:$AA$182,MATCH(AA$2,'Programa Drench'!$B$5:$AA$5,0),FALSE)),VLOOKUP($H21,'Programa Drench'!$B$6:$AA$182,MATCH(AA$2,'Programa Drench'!$B$5:$AA$5,0),FALSE)),1),0) -> 0 | AB21: =IFERROR((VLOOKUP($H21,'Programa Drench'!$B$6:$AA$182,MATCH(AB$2,'Programa Drench'!$B$5:$AA$5,0),FALSE)),0) -> 0 | AC21: =IFERROR((VLOOKUP($H21,'Programa Drench'!$B$6:$AA$182,MATCH(AC$2,'Programa Drench'!$B$5:$AA$5,0),FALSE)*$I21),0) -> 0 | AD21: =IFERROR(ROUND((AA21*$I21),-1),0) -> 0 | AE21: =IFERROR(ROUND((VLOOKUP($H21,'Programa Drench'!$B$6:$AA$182,MATCH(AE$2,'Programa Drench'!$B$5:$AA$5,0),FALSE)),-1),0) -> 0 | AF21: =IFERROR((VLOOKUP($H21,'Programa Drench'!$B$6:$AA$182,MATCH(AF$2,'Programa Drench'!$B$5:$AA$5,0),FALSE)),0) -> 0 | AG21: =IFERROR((VLOOKUP($H21,'Programa Drench'!$B$6:$AA$182,MATCH(AG$2,'Programa Drench'!$B$5:$AA$5,0),FALSE)*AH21),0) -> 0 | AH21: =IFERROR(ROUND((VLOOKUP($H21,'Programa Drench'!$B$6:$AA$182,MATCH(AH$2,'Programa Drench'!$B$5:$AA$5,0),FALSE)*$I21),-1),0) -> 0 | AI21: =IFERROR((VLOOKUP($H21,'Programa Drench'!$B$6:$AA$182,MATCH(AI$2,'Programa Drench'!$B$5:$AA$5,0),FALSE)),0) -> 0.64
A22: =IF(($J$1-C22)>=52,($J$1-C22-100+52+1),($J$1-C22+1)) -> 2 | B22: 1B | C22: 2618 | D22: CV | E22: P2 | F22: CLO | G22: =MID(E22,1,1) -> P | H22: =CONCATENATE(A22," ",G22," ",F22) -> 2 P CLO | I22: =IF(D22="MM1",VLOOKUP($B22,'Inf Bloques'!$A$1:$K$453,11,FALSE)*1,VLOOKUP($B22,'Inf Bloques'!$A$1:$K$453,11,FALSE)) -> 19.2786 | J22: =I22/9 -> 2.1420667 | K22: =IFERROR(ROUND(IF($D22="SSJ",(VLOOKUP($H22,'Programa Drench'!$B$6:$AA$182,MATCH(K$2,'Programa Drench'!$B$5:$AA$5,0),FALSE)),VLOOKUP($H22,'Programa Drench'!$B$6:$AA$182,MATCH(K$2,'Programa Drench'!$B$5:$AA$5,0),FALSE)),1),0) -> 50 | L22: =IFERROR((VLOOKUP($H22,'Programa Drench'!$B$6:$AA$182,MATCH(L$2,'Programa Drench'!$B$5:$AA$5,0),FALSE)),0) -> RAIZA | M22: =IFERROR((VLOOKUP($H22,'Programa Drench'!$B$6:$AA$182,MATCH(M$2,'Programa Drench'!$B$5:$AA$5,0),FALSE)*N22),0) -> 316.8 | N22: =IFERROR(ROUND((K22*$I22),-1),0) -> 960 | O22: =IFERROR(ROUND(IF($D22="SSJ",(VLOOKUP($H22,'Programa Drench'!$B$6:$AA$182,MATCH(O$2,'Programa Drench'!$B$5:$AA$5,0),FALSE)),VLOOKUP($H22,'Programa Drench'!$B$6:$AA$182,MATCH(O$2,'Programa Drench'!$B$5:$AA$5,0),FALSE)),1),0) -> 50 | P22: =IFERROR((VLOOKUP($H22,'Programa Drench'!$B$6:$AA$182,MATCH(P$2,'Programa Drench'!$B$5:$AA$5,0),FALSE)),0) -> HUMISTAR WG | Q22: =IFERROR((VLOOKUP($H22,'Programa Drench'!$B$6:$AA$182,MATCH(Q$2,'Programa Drench'!$B$5:$AA$5,0),FALSE)*R22),0) -> 192 | R22: =IFERROR(ROUND((O22*$I22),-1),0) -> 960 | S22: =IFERROR(ROUND(IF($D22="SSJ",(VLOOKUP($H22,'Programa Drench'!$B$6:$AA$182,MATCH(S$2,'Programa Drench'!$B$5:$AA$5,0),FALSE)),VLOOKUP($H22,'Programa Drench'!$B$6:$AA$182,MATCH(S$2,'Programa Drench'!$B$5:$AA$5,0),FALSE)),1),0) -> 50 | T22: =IFERROR((VLOOKUP($H22,'Programa Drench'!$B$6:$AA$182,MATCH(T$2,'Programa Drench'!$B$5:$AA$5,0),FALSE)),0) -> Serenade | U22: =IFERROR((VLOOKUP($H22,'Programa Drench'!$B$6:$AA$182,MATCH(U$2,'Programa Drench'!$B$5:$AA$5,0),FALSE)*V22),0) -> 172.8 | V22: =IFERROR(ROUND((S22*$I22),-1),0) -> 960 | W22: =IFERROR(ROUND(IF($D22="SSJ",(VLOOKUP($H22,'Programa Drench'!$B$6:$AA$182,MATCH(W$2,'Programa Drench'!$B$5:$AA$5,0),FALSE)),VLOOKUP($H22,'Programa Drench'!$B$6:$AA$182,MATCH(W$2,'Programa Drench'!$B$5:$AA$5,0),FALSE)),1),0) -> 0 | X22: =IFERROR((VLOOKUP($H22,'Programa Drench'!$B$6:$AA$182,MATCH(X$2,'Programa Drench'!$B$5:$AA$5,0),FALSE)),0) -> 0 | Y22: =IFERROR((VLOOKUP($H22,'Programa Drench'!$B$6:$AA$182,MATCH(Y$2,'Programa Drench'!$B$5:$AA$5,0),FALSE)*Z22),0) -> 0 | Z22: =IFERROR(ROUND((W22*$I22),-1),0) -> 0 | AA22: =IFERROR(ROUND(IF($D22="SSJ",(VLOOKUP($H22,'Programa Drench'!$B$6:$AA$182,MATCH(AA$2,'Programa Drench'!$B$5:$AA$5,0),FALSE)),VLOOKUP($H22,'Programa Drench'!$B$6:$AA$182,MATCH(AA$2,'Programa Drench'!$B$5:$AA$5,0),FALSE)),1),0) -> 0 | AB22: =IFERROR((VLOOKUP($H22,'Programa Drench'!$B$6:$AA$182,MATCH(AB$2,'Programa Drench'!$B$5:$AA$5,0),FALSE)),0) -> 0 | AC22: =IFERROR((VLOOKUP($H22,'Programa Drench'!$B$6:$AA$182,MATCH(AC$2,'Programa Drench'!$B$5:$AA$5,0),FALSE)*$I22),0) -> 0 | AD22: =IFERROR(ROUND((AA22*$I22),-1),0) -> 0 | AE22: =IFERROR(ROUND((VLOOKUP($H22,'Programa Drench'!$B$6:$AA$182,MATCH(AE$2,'Programa Drench'!$B$5:$AA$5,0),FALSE)),-1),0) -> 0 | AF22: =IFERROR((VLOOKUP($H22,'Programa Drench'!$B$6:$AA$182,MATCH(AF$2,'Programa Drench'!$B$5:$AA$5,0),FALSE)),0) -> 0 | AG22: =IFERROR((VLOOKUP($H22,'Programa Drench'!$B$6:$AA$182,MATCH(AG$2,'Programa Drench'!$B$5:$AA$5,0),FALSE)*AH22),0) -> 0 | AH22: =IFERROR(ROUND((VLOOKUP($H22,'Programa Drench'!$B$6:$AA$182,MATCH(AH$2,'Programa Drench'!$B$5:$AA$5,0),FALSE)*$I22),-1),0) -> 0 | AI22: =IFERROR((VLOOKUP($H22,'Programa Drench'!$B$6:$AA$182,MATCH(AI$2,'Programa Drench'!$B$5:$AA$5,0),FALSE)),0) -> 0.71
A23: =IF(($J$1-C23)>=52,($J$1-C23-100+52+1),($J$1-C23+1)) -> 2 | B23: 8 | C23: 2618 | D23: CV | E23: P1 | F23: XL | G23: =MID(E23,1,1) -> P | H23: =CONCATENATE(A23," ",G23," ",F23) -> 2 P XL | I23: =IF(D23="MM1",VLOOKUP($B23,'Inf Bloques'!$A$1:$K$453,11,FALSE)*1,VLOOKUP($B23,'Inf Bloques'!$A$1:$K$453,11,FALSE)) -> 40.908267 | J23: =I23/9 -> 4.545363 | K23: =IFERROR(ROUND(IF($D23="SSJ",(VLOOKUP($H23,'Programa Drench'!$B$6:$AA$182,MATCH(K$2,'Programa Drench'!$B$5:$AA$5,0),FALSE)),VLOOKUP($H23,'Programa Drench'!$B$6:$AA$182,MATCH(K$2,'Programa Drench'!$B$5:$AA$5,0),FALSE)),1),0) -> 50 | L23: =IFERROR((VLOOKUP($H23,'Programa Drench'!$B$6:$AA$182,MATCH(L$2,'Programa Drench'!$B$5:$AA$5,0),FALSE)),0) -> RAIZA | M23: =IFERROR((VLOOKUP($H23,'Programa Drench'!$B$6:$AA$182,MATCH(M$2,'Programa Drench'!$B$5:$AA$5,0),FALSE)*N23),0) -> 676.5 | N23: =IFERROR(ROUND((K23*$I23),-1),0) -> 2050 | O23: =IFERROR(ROUND(IF($D23="SSJ",(VLOOKUP($H23,'Programa Drench'!$B$6:$AA$182,MATCH(O$2,'Programa Drench'!$B$5:$AA$5,0),FALSE)),VLOOKUP($H23,'Programa Drench'!$B$6:$AA$182,MATCH(O$2,'Programa Drench'!$B$5:$AA$5,0),FALSE)),1),0) -> 50 | P23: =IFERROR((VLOOKUP($H23,'Programa Drench'!$B$6:$AA$182,MATCH(P$2,'Programa Drench'!$B$5:$AA$5,0),FALSE)),0) -> HUMISTAR WG | Q23: =IFERROR((VLOOKUP($H23,'Programa Drench'!$B$6:$AA$182,MATCH(Q$2,'Programa Drench'!$B$5:$AA$5,0),FALSE)*R23),0) -> 410 | R23: =IFERROR(ROUND((O23*$I23),-1),0) -> 2050 | S23: =IFERROR(ROUND(IF($D23="SSJ",(VLOOKUP($H23,'Programa Drench'!$B$6:$AA$182,MATCH(S$2,'Programa Drench'!$B$5:$AA$5,0),FALSE)),VLOOKUP($H23,'Programa Drench'!$B$6:$AA$182,MATCH(S$2,'Programa Drench'!$B$5:$AA$5,0),FALSE)),1),0) -> 50 | T23: =IFERROR((VLOOKUP($H23,'Programa Drench'!$B$6:$AA$182,MATCH(T$2,'Programa Drench'!$B$5:$AA$5,0),FALSE)),0) -> Serenade | U23: =IFERROR((VLOOKUP($H23,'Programa Drench'!$B$6:$AA$182,MATCH(U$2,'Programa Drench'!$B$5:$AA$5,0),FALSE)*V23),0) -> 369 | V23: =IFERROR(ROUND((S23*$I23),-1),0) -> 2050 | W23: =IFERROR(ROUND(IF($D23="SSJ",(VLOOKUP($H23,'Programa Drench'!$B$6:$AA$182,MATCH(W$2,'Programa Drench'!$B$5:$AA$5,0),FALSE)),VLOOKUP($H23,'Programa Drench'!$B$6:$AA$182,MATCH(W$2,'Programa Drench'!$B$5:$AA$5,0),FALSE)),1),0) -> 0 | X23: =IFERROR((VLOOKUP($H23,'Programa Drench'!$B$6:$AA$182,MATCH(X$2,'Programa Drench'!$B$5:$AA$5,0),FALSE)),0) -> 0 | Y23: =IFERROR((VLOOKUP($H23,'Programa Drench'!$B$6:$AA$182,MATCH(Y$2,'Programa Drench'!$B$5:$AA$5,0),FALSE)*Z23),0) -> 0 | Z23: =IFERROR(ROUND((W23*$I23),-1),0) -> 0 | AA23: =IFERROR(ROUND(IF($D23="SSJ",(VLOOKUP($H23,'Programa Drench'!$B$6:$AA$182,MATCH(AA$2,'Programa Drench'!$B$5:$AA$5,0),FALSE)),VLOOKUP($H23,'Programa Drench'!$B$6:$AA$182,MATCH(AA$2,'Programa Drench'!$B$5:$AA$5,0),FALSE)),1),0) -> 0 | AB23: =IFERROR((VLOOKUP($H23,'Programa Drench'!$B$6:$AA$182,MATCH(AB$2,'Programa Drench'!$B$5:$AA$5,0),FALSE)),0) -> 0 | AC23: =IFERROR((VLOOKUP($H23,'Programa Drench'!$B$6:$AA$182,MATCH(AC$2,'Programa Drench'!$B$5:$AA$5,0),FALSE)*$I23),0) -> 0 | AD23: =IFERROR(ROUND((AA23*$I23),-1),0) -> 0 | AE23: =IFERROR(ROUND((VLOOKUP($H23,'Programa Drench'!$B$6:$AA$182,MATCH(AE$2,'Programa Drench'!$B$5:$AA$5,0),FALSE)),-1),0) -> 0 | AF23: =IFERROR((VLOOKUP($H23,'Programa Drench'!$B$6:$AA$182,MATCH(AF$2,'Programa Drench'!$B$5:$AA$5,0),FALSE)),0) -> 0 | AG23: =IFERROR((VLOOKUP($H23,'Programa Drench'!$B$6:$AA$182,MATCH(AG$2,'Programa Drench'!$B$5:$AA$5,0),FALSE)*AH23),0) -> 0 | AH23: =IFERROR(ROUND((VLOOKUP($H23,'Programa Drench'!$B$6:$AA$182,MATCH(AH$2,'Programa Drench'!$B$5:$AA$5,0),FALSE)*$I23),-1),0) -> 0 | AI23: =IFERROR((VLOOKUP($H23,'Programa Drench'!$B$6:$AA$182,MATCH(AI$2,'Programa Drench'!$B$5:$AA$5,0),FALSE)),0) -> 0.71
A24: =IF(($J$1-C24)>=52,($J$1-C24-100+52+1),($J$1-C24+1)) -> 1 | B24: 12 | C24: 2619 | D24: CV | E24: P3 | F24: XL | G24: =MID(E24,1,1) -> P | H24: =CONCATENATE(A24," ",G24," ",F24) -> 1 P XL | I24: =IF(D24="MM1",VLOOKUP($B24,'Inf Bloques'!$A$1:$K$453,11,FALSE)*1,VLOOKUP($B24,'Inf Bloques'!$A$1:$K$453,11,FALSE)) -> 39.1467 | J24: =I24/9 -> 4.3496333 | K24: =IFERROR(ROUND(IF($D24="SSJ",(VLOOKUP($H24,'Programa Drench'!$B$6:$AA$182,MATCH(K$2,'Programa Drench'!$B$5:$AA$5,0),FALSE)),VLOOKUP($H24,'Programa Drench'!$B$6:$AA$182,MATCH(K$2,'Programa Drench'!$B$5:$AA$5,0),FALSE)),1),0) -> 7 | L24: =IFERROR((VLOOKUP($H24,'Programa Drench'!$B$6:$AA$182,MATCH(L$2,'Programa Drench'!$B$5:$AA$5,0),FALSE)),0) -> Vitavax flo | M24: =IFERROR((VLOOKUP($H24,'Programa Drench'!$B$6:$AA$182,MATCH(M$2,'Programa Drench'!$B$5:$AA$5,0),FALSE)*N24),0) -> 540 | N24: =IFERROR(ROUND((K24*$I24),-1),0) -> 270 | O24: =IFERROR(ROUND(IF($D24="SSJ",(VLOOKUP($H24,'Programa Drench'!$B$6:$AA$182,MATCH(O$2,'Programa Drench'!$B$5:$AA$5,0),FALSE)),VLOOKUP($H24,'Programa Drench'!$B$6:$AA$182,MATCH(O$2,'Programa Drench'!$B$5:$AA$5,0),FALSE)),1),0) -> 7 | P24: =IFERROR((VLOOKUP($H24,'Programa Drench'!$B$6:$AA$182,MATCH(P$2,'Programa Drench'!$B$5:$AA$5,0),FALSE)),0) -> KOCIDE 101 77% | Q24: =IFERROR((VLOOKUP($H24,'Programa Drench'!$B$6:$AA$182,MATCH(Q$2,'Programa Drench'!$B$5:$AA$5,0),FALSE)*R24),0) -> 540 | R24: =IFERROR(ROUND((O24*$I24),-1),0) -> 270 | S24: =IFERROR(ROUND(IF($D24="SSJ",(VLOOKUP($H24,'Programa Drench'!$B$6:$AA$182,MATCH(S$2,'Programa Drench'!$B$5:$AA$5,0),FALSE)),VLOOKUP($H24,'Programa Drench'!$B$6:$AA$182,MATCH(S$2,'Programa Drench'!$B$5:$AA$5,0),FALSE)),1),0) -> 7 | T24: =IFERROR((VLOOKUP($H24,'Programa Drench'!$B$6:$AA$182,MATCH(T$2,'Programa Drench'!$B$5:$AA$5,0),FALSE)),0) -> Agral | U24: =IFERROR((VLOOKUP($H24,'Programa Drench'!$B$6:$AA$182,MATCH(U$2,'Programa Drench'!$B$5:$AA$5,0),FALSE)*V24),0) -> 54 | V24: =IFERROR(ROUND((S24*$I24),-1),0) -> 270 | W24: =IFERROR(ROUND(IF($D24="SSJ",(VLOOKUP($H24,'Programa Drench'!$B$6:$AA$182,MATCH(W$2,'Programa Drench'!$B$5:$AA$5,0),FALSE)),VLOOKUP($H24,'Programa Drench'!$B$6:$AA$182,MATCH(W$2,'Programa Drench'!$B$5:$AA$5,0),FALSE)),1),0) -> 0 | X24: =IFERROR((VLOOKUP($H24,'Programa Drench'!$B$6:$AA$182,MATCH(X$2,'Programa Drench'!$B$5:$AA$5,0),FALSE)),0) -> 0 | Y24: =IFERROR((VLOOKUP($H24,'Programa Drench'!$B$6:$AA$182,MATCH(Y$2,'Programa Drench'!$B$5:$AA$5,0),FALSE)*Z24),0) -> 0 | Z24: =IFERROR(ROUND((W24*$I24),-1),0) -> 0 | AA24: =IFERROR(ROUND(IF($D24="SSJ",(VLOOKUP($H24,'Programa Drench'!$B$6:$AA$182,MATCH(AA$2,'Programa Drench'!$B$5:$AA$5,0),FALSE)),VLOOKUP($H24,'Programa Drench'!$B$6:$AA$182,MATCH(AA$2,'Programa Drench'!$B$5:$AA$5,0),FALSE)),1),0) -> 0 | AB24: =IFERROR((VLOOKUP($H24,'Programa Drench'!$B$6:$AA$182,MATCH(AB$2,'Programa Drench'!$B$5:$AA$5,0),FALSE)),0) -> 0 | AC24: =IFERROR((VLOOKUP($H24,'Programa Drench'!$B$6:$AA$182,MATCH(AC$2,'Programa Drench'!$B$5:$AA$5,0),FALSE)*$I24),0) -> 0 | AD24: =IFERROR(ROUND((AA24*$I24),-1),0) -> 0 | AE24: =IFERROR(ROUND((VLOOKUP($H24,'Programa Drench'!$B$6:$AA$182,MATCH(AE$2,'Programa Drench'!$B$5:$AA$5,0),FALSE)),-1),0) -> 0 | AF24: =IFERROR((VLOOKUP($H24,'Programa Drench'!$B$6:$AA$182,MATCH(AF$2,'Programa Drench'!$B$5:$AA$5,0),FALSE)),0) -> 0 | AG24: =IFERROR((VLOOKUP($H24,'Programa Drench'!$B$6:$AA$182,MATCH(AG$2,'Programa Drench'!$B$5:$AA$5,0),FALSE)*AH24),0) -> 0 | AH24: =IFERROR(ROUND((VLOOKUP($H24,'Programa Drench'!$B$6:$AA$182,MATCH(AH$2,'Programa Drench'!$B$5:$AA$5,0),FALSE)*$I24),-1),0) -> 0 | AI24: =IFERROR((VLOOKUP($H24,'Programa Drench'!$B$6:$AA$182,MATCH(AI$2,'Programa Drench'!$B$5:$AA$5,0),FALSE)),0) -> 4.2
A25: =IF(($J$1-C25)>=52,($J$1-C25-100+52+1),($J$1-C25+1)) -> 2572 | G25: =MID(E25,1,1) | H25: =CONCATENATE(A25," ",G25," ",F25) -> 2572 | I25: =IF(D25="MM1",VLOOKUP($B25,'Inf Bloques'!$A$1:$K$453,11,FALSE)*1,VLOOKUP($B25,'Inf Bloques'!$A$1:$K$453,11,FALSE)) -> #N/A | J25: =I25/9 -> #N/A | K25: =IFERROR(ROUND(IF($D25="SSJ",(VLOOKUP($H25,'Programa Drench'!$B$6:$AA$182,MATCH(K$2,'Programa Drench'!$B$5:$AA$5,0),FALSE)),VLOOKUP($H25,'Programa Drench'!$B$6:$AA$182,MATCH(K$2,'Programa Drench'!$B$5:$AA$5,0),FALSE)),1),0) -> 0 | L25: =IFERROR((VLOOKUP($H25,'Programa Drench'!$B$6:$AA$182,MATCH(L$2,'Programa Drench'!$B$5:$AA$5,0),FALSE)),0) -> 0 | M25: =IFERROR((VLOOKUP($H25,'Programa Drench'!$B$6:$AA$182,MATCH(M$2,'Programa Drench'!$B$5:$AA$5,0),FALSE)*N25),0) -> 0 | N25: =IFERROR(ROUND((K25*$I25),-1),0) -> 0 | O25: =IFERROR(ROUND(IF($D25="SSJ",(VLOOKUP($H25,'Programa Drench'!$B$6:$AA$182,MATCH(O$2,'Programa Drench'!$B$5:$AA$5,0),FALSE)),VLOOKUP($H25,'Programa Drench'!$B$6:$AA$182,MATCH(O$2,'Programa Drench'!$B$5:$AA$5,0),FALSE)),1),0) -> 0 | P25: =IFERROR((VLOOKUP($H25,'Programa Drench'!$B$6:$AA$182,MATCH(P$2,'Programa Drench'!$B$5:$AA$5,0),FALSE)),0) -> 0 | Q25: =IFERROR((VLOOKUP($H25,'Programa Drench'!$B$6:$AA$182,MATCH(Q$2,'Programa Drench'!$B$5:$AA$5,0),FALSE)*R25),0) -> 0 | R25: =IFERROR(ROUND((O25*$I25),-1),0) -> 0 | S25: =IFERROR(ROUND(IF($D25="SSJ",(VLOOKUP($H25,'Programa Drench'!$B$6:$AA$182,MATCH(S$2,'Programa Drench'!$B$5:$AA$5,0),FALSE)),VLOOKUP($H25,'Programa Drench'!$B$6:$AA$182,MATCH(S$2,'Programa Drench'!$B$5:$AA$5,0),FALSE)),1),0) -> 0 | T25: =IFERROR((VLOOKUP($H25,'Programa Drench'!$B$6:$AA$182,MATCH(T$2,'Programa Drench'!$B$5:$AA$5,0),FALSE)),0) -> 0 | U25: =IFERROR((VLOOKUP($H25,'Programa Drench'!$B$6:$AA$182,MATCH(U$2,'Programa Drench'!$B$5:$AA$5,0),FALSE)*V25),0) -> 0 | V25: =IFERROR(ROUND((S25*$I25),-1),0) -> 0 | W25: =IFERROR(ROUND(IF($D25="SSJ",(VLOOKUP($H25,'Programa Drench'!$B$6:$AA$182,MATCH(W$2,'Programa Drench'!$B$5:$AA$5,0),FALSE)),VLOOKUP($H25,'Programa Drench'!$B$6:$AA$182,MATCH(W$2,'Programa Drench'!$B$5:$AA$5,0),FALSE)),1),0) -> 0 | X25: =IFERROR((VLOOKUP($H25,'Programa Drench'!$B$6:$AA$182,MATCH(X$2,'Programa Drench'!$B$5:$AA$5,0),FALSE)),0) -> 0 | Y25: =IFERROR((VLOOKUP($H25,'Programa Drench'!$B$6:$AA$182,MATCH(Y$2,'Programa Drench'!$B$5:$AA$5,0),FALSE)*Z25),0) -> 0 | Z25: =IFERROR(ROUND((W25*$I25),-1),0) -> 0 | AA25: =IFERROR(ROUND(IF($D25="SSJ",(VLOOKUP($H25,'Programa Drench'!$B$6:$AA$182,MATCH(AA$2,'Programa Drench'!$B$5:$AA$5,0),FALSE)),VLOOKUP($H25,'Programa Drench'!$B$6:$AA$182,MATCH(AA$2,'Programa Drench'!$B$5:$AA$5,0),FALSE)),1),0) -> 0 | AB25: =IFERROR((VLOOKUP($H25,'Programa Drench'!$B$6:$AA$182,MATCH(AB$2,'Programa Drench'!$B$5:$AA$5,0),FALSE)),0) -> 0 | AC25: =IFERROR((VLOOKUP($H25,'Programa Drench'!$B$6:$AA$182,MATCH(AC$2,'Programa Drench'!$B$5:$AA$5,0),FALSE)*$I25),0) -> 0 | AD25: =IFERROR(ROUND((AA25*$I25),-1),0) -> 0 | AE25: =IFERROR(ROUND((VLOOKUP($H25,'Programa Drench'!$B$6:$AA$182,MATCH(AE$2,'Programa Drench'!$B$5:$AA$5,0),FALSE)),-1),0) -> 0 | AF25: =IFERROR((VLOOKUP($H25,'Programa Drench'!$B$6:$AA$182,MATCH(AF$2,'Programa Drench'!$B$5:$AA$5,0),FALSE)),0) -> 0 | AG25: =IFERROR((VLOOKUP($H25,'Programa Drench'!$B$6:$AA$182,MATCH(AG$2,'Programa Drench'!$B$5:$AA$5,0),FALSE)*AH25),0) -> 0 | AH25: =IFERROR(ROUND((VLOOKUP($H25,'Programa Drench'!$B$6:$AA$182,MATCH(AH$2,'Programa Drench'!$B$5:$AA$5,0),FALSE)*$I25),-1),0) -> 0 | AI25: =IFERROR((VLOOKUP($H25,'Programa Drench'!$B$6:$AA$182,MATCH(AI$2,'Programa Drench'!$B$5:$AA$5,0),FALSE)),0) -> 0
A26: =IF(($J$1-C26)>=52,($J$1-C26-100+52+1),($J$1-C26+1)) -> 2572 | G26: =MID(E26,1,1) | H26: =CONCATENATE(A26," ",G26," ",F26) -> 2572 | I26: =IF(D26="MM1",VLOOKUP($B26,'Inf Bloques'!$A$1:$K$453,11,FALSE)*1,VLOOKUP($B26,'Inf Bloques'!$A$1:$K$453,11,FALSE)) -> #N/A | J26: =I26/9 -> #N/A | K26: =IFERROR(ROUND(IF($D26="SSJ",(VLOOKUP($H26,'Programa Drench'!$B$6:$AA$182,MATCH(K$2,'Programa Drench'!$B$5:$AA$5,0),FALSE)),VLOOKUP($H26,'Programa Drench'!$B$6:$AA$182,MATCH(K$2,'Programa Drench'!$B$5:$AA$5,0),FALSE)),1),0) -> 0 | L26: =IFERROR((VLOOKUP($H26,'Programa Drench'!$B$6:$AA$182,MATCH(L$2,'Programa Drench'!$B$5:$AA$5,0),FALSE)),0) -> 0 | M26: =IFERROR((VLOOKUP($H26,'Programa Drench'!$B$6:$AA$182,MATCH(M$2,'Programa Drench'!$B$5:$AA$5,0),FALSE)*N26),0) -> 0 | N26: =IFERROR(ROUND((K26*$I26),-1),0) -> 0 | O26: =IFERROR(ROUND(IF($D26="SSJ",(VLOOKUP($H26,'Programa Drench'!$B$6:$AA$182,MATCH(O$2,'Programa Drench'!$B$5:$AA$5,0),FALSE)),VLOOKUP($H26,'Programa Drench'!$B$6:$AA$182,MATCH(O$2,'Programa Drench'!$B$5:$AA$5,0),FALSE)),1),0) -> 0 | P26: =IFERROR((VLOOKUP($H26,'Programa Drench'!$B$6:$AA$182,MATCH(P$2,'Programa Drench'!$B$5:$AA$5,0),FALSE)),0) -> 0 | Q26: =IFERROR((VLOOKUP($H26,'Programa Drench'!$B$6:$AA$182,MATCH(Q$2,'Programa Drench'!$B$5:$AA$5,0),FALSE)*R26),0) -> 0 | R26: =IFERROR(ROUND((O26*$I26),-1),0) -> 0 | S26: =IFERROR(ROUND(IF($D26="SSJ",(VLOOKUP($H26,'Programa Drench'!$B$6:$AA$182,MATCH(S$2,'Programa Drench'!$B$5:$AA$5,0),FALSE)),VLOOKUP($H26,'Programa Drench'!$B$6:$AA$182,MATCH(S$2,'Programa Drench'!$B$5:$AA$5,0),FALSE)),1),0) -> 0 | T26: =IFERROR((VLOOKUP($H26,'Programa Drench'!$B$6:$AA$182,MATCH(T$2,'Programa Drench'!$B$5:$AA$5,0),FALSE)),0) -> 0 | U26: =IFERROR((VLOOKUP($H26,'Programa Drench'!$B$6:$AA$182,MATCH(U$2,'Programa Drench'!$B$5:$AA$5,0),FALSE)*V26),0) -> 0 | V26: =IFERROR(ROUND((S26*$I26),-1),0) -> 0 | W26: =IFERROR(ROUND(IF($D26="SSJ",(VLOOKUP($H26,'Programa Drench'!$B$6:$AA$182,MATCH(W$2,'Programa Drench'!$B$5:$AA$5,0),FALSE)),VLOOKUP($H26,'Programa Drench'!$B$6:$AA$182,MATCH(W$2,'Programa Drench'!$B$5:$AA$5,0),FALSE)),1),0) -> 0 | X26: =IFERROR((VLOOKUP($H26,'Programa Drench'!$B$6:$AA$182,MATCH(X$2,'Programa Drench'!$B$5:$AA$5,0),FALSE)),0) -> 0 | Y26: =IFERROR((VLOOKUP($H26,'Programa Drench'!$B$6:$AA$182,MATCH(Y$2,'Programa Drench'!$B$5:$AA$5,0),FALSE)*Z26),0) -> 0 | Z26: =IFERROR(ROUND((W26*$I26),-1),0) -> 0 | AA26: =IFERROR(ROUND(IF($D26="SSJ",(VLOOKUP($H26,'Programa Drench'!$B$6:$AA$182,MATCH(AA$2,'Programa Drench'!$B$5:$AA$5,0),FALSE)),VLOOKUP($H26,'Programa Drench'!$B$6:$AA$182,MATCH(AA$2,'Programa Drench'!$B$5:$AA$5,0),FALSE)),1),0) -> 0 | AB26: =IFERROR((VLOOKUP($H26,'Programa Drench'!$B$6:$AA$182,MATCH(AB$2,'Programa Drench'!$B$5:$AA$5,0),FALSE)),0) -> 0 | AC26: =IFERROR((VLOOKUP($H26,'Programa Drench'!$B$6:$AA$182,MATCH(AC$2,'Programa Drench'!$B$5:$AA$5,0),FALSE)*$I26),0) -> 0 | AD26: =IFERROR(ROUND((AA26*$I26),-1),0) -> 0 | AE26: =IFERROR(ROUND((VLOOKUP($H26,'Programa Drench'!$B$6:$AA$182,MATCH(AE$2,'Programa Drench'!$B$5:$AA$5,0),FALSE)),-1),0) -> 0 | AF26: =IFERROR((VLOOKUP($H26,'Programa Drench'!$B$6:$AA$182,MATCH(AF$2,'Programa Drench'!$B$5:$AA$5,0),FALSE)),0) -> 0 | AG26: =IFERROR((VLOOKUP($H26,'Programa Drench'!$B$6:$AA$182,MATCH(AG$2,'Programa Drench'!$B$5:$AA$5,0),FALSE)*AH26),0) -> 0 | AH26: =IFERROR(ROUND((VLOOKUP($H26,'Programa Drench'!$B$6:$AA$182,MATCH(AH$2,'Programa Drench'!$B$5:$AA$5,0),FALSE)*$I26),-1),0) -> 0 | AI26: =IFERROR((VLOOKUP($H26,'Programa Drench'!$B$6:$AA$182,MATCH(AI$2,'Programa Drench'!$B$5:$AA$5,0),FALSE)),0) -> 0
A27: =IF(($J$1-C27)>=52,($J$1-C27-100+52+1),($J$1-C27+1)) -> 2572 | G27: =MID(E27,1,1) | H27: =CONCATENATE(A27," ",G27," ",F27) -> 2572 | I27: =IF(D27="MM1",VLOOKUP($B27,'Inf Bloques'!$A$1:$K$453,11,FALSE)*1,VLOOKUP($B27,'Inf Bloques'!$A$1:$K$453,11,FALSE)) -> #N/A | J27: =I27/9 -> #N/A | K27: =IFERROR(ROUND(IF($D27="SSJ",(VLOOKUP($H27,'Programa Drench'!$B$6:$AA$182,MATCH(K$2,'Programa Drench'!$B$5:$AA$5,0),FALSE)),VLOOKUP($H27,'Programa Drench'!$B$6:$AA$182,MATCH(K$2,'Programa Drench'!$B$5:$AA$5,0),FALSE)),1),0) -> 0 | L27: =IFERROR((VLOOKUP($H27,'Programa Drench'!$B$6:$AA$182,MATCH(L$2,'Programa Drench'!$B$5:$AA$5,0),FALSE)),0) -> 0 | M27: =IFERROR((VLOOKUP($H27,'Programa Drench'!$B$6:$AA$182,MATCH(M$2,'Programa Drench'!$B$5:$AA$5,0),FALSE)*N27),0) -> 0 | N27: =IFERROR(ROUND((K27*$I27),-1),0) -> 0 | O27: =IFERROR(ROUND(IF($D27="SSJ",(VLOOKUP($H27,'Programa Drench'!$B$6:$AA$182,MATCH(O$2,'Programa Drench'!$B$5:$AA$5,0),FALSE)),VLOOKUP($H27,'Programa Drench'!$B$6:$AA$182,MATCH(O$2,'Programa Drench'!$B$5:$AA$5,0),FALSE)),1),0) -> 0 | P27: =IFERROR((VLOOKUP($H27,'Programa Drench'!$B$6:$AA$182,MATCH(P$2,'Programa Drench'!$B$5:$AA$5,0),FALSE)),0) -> 0 | Q27: =IFERROR((VLOOKUP($H27,'Programa Drench'!$B$6:$AA$182,MATCH(Q$2,'Programa Drench'!$B$5:$AA$5,0),FALSE)*R27),0) -> 0 | R27: =IFERROR(ROUND((O27*$I27),-1),0) -> 0 | S27: =IFERROR(ROUND(IF($D27="SSJ",(VLOOKUP($H27,'Programa Drench'!$B$6:$AA$182,MATCH(S$2,'Programa Drench'!$B$5:$AA$5,0),FALSE)),VLOOKUP($H27,'Programa Drench'!$B$6:$AA$182,MATCH(S$2,'Programa Drench'!$B$5:$AA$5,0),FALSE)),1),0) -> 0 | T27: =IFERROR((VLOOKUP($H27,'Programa Drench'!$B$6:$AA$182,MATCH(T$2,'Programa Drench'!$B$5:$AA$5,0),FALSE)),0) -> 0 | U27: =IFERROR((VLOOKUP($H27,'Programa Drench'!$B$6:$AA$182,MATCH(U$2,'Programa Drench'!$B$5:$AA$5,0),FALSE)*V27),0) -> 0 | V27: =IFERROR(ROUND((S27*$I27),-1),0) -> 0 | W27: =IFERROR(ROUND(IF($D27="SSJ",(VLOOKUP($H27,'Programa Drench'!$B$6:$AA$182,MATCH(W$2,'Programa Drench'!$B$5:$AA$5,0),FALSE)),VLOOKUP($H27,'Programa Drench'!$B$6:$AA$182,MATCH(W$2,'Programa Drench'!$B$5:$AA$5,0),FALSE)),1),0) -> 0 | X27: =IFERROR((VLOOKUP($H27,'Programa Drench'!$B$6:$AA$182,MATCH(X$2,'Programa Drench'!$B$5:$AA$5,0),FALSE)),0) -> 0 | Y27: =IFERROR((VLOOKUP($H27,'Programa Drench'!$B$6:$AA$182,MATCH(Y$2,'Programa Drench'!$B$5:$AA$5,0),FALSE)*Z27),0) -> 0 | Z27: =IFERROR(ROUND((W27*$I27),-1),0) -> 0 | AA27: =IFERROR(ROUND(IF($D27="SSJ",(VLOOKUP($H27,'Programa Drench'!$B$6:$AA$182,MATCH(AA$2,'Programa Drench'!$B$5:$AA$5,0),FALSE)),VLOOKUP($H27,'Programa Drench'!$B$6:$AA$182,MATCH(AA$2,'Programa Drench'!$B$5:$AA$5,0),FALSE)),1),0) -> 0 | AB27: =IFERROR((VLOOKUP($H27,'Programa Drench'!$B$6:$AA$182,MATCH(AB$2,'Programa Drench'!$B$5:$AA$5,0),FALSE)),0) -> 0 | AC27: =IFERROR((VLOOKUP($H27,'Programa Drench'!$B$6:$AA$182,MATCH(AC$2,'Programa Drench'!$B$5:$AA$5,0),FALSE)*$I27),0) -> 0 | AD27: =IFERROR(ROUND((AA27*$I27),-1),0) -> 0 | AE27: =IFERROR(ROUND((VLOOKUP($H27,'Programa Drench'!$B$6:$AA$182,MATCH(AE$2,'Programa Drench'!$B$5:$AA$5,0),FALSE)),-1),0) -> 0 | AF27: =IFERROR((VLOOKUP($H27,'Programa Drench'!$B$6:$AA$182,MATCH(AF$2,'Programa Drench'!$B$5:$AA$5,0),FALSE)),0) -> 0 | AG27: =IFERROR((VLOOKUP($H27,'Programa Drench'!$B$6:$AA$182,MATCH(AG$2,'Programa Drench'!$B$5:$AA$5,0),FALSE)*AH27),0) -> 0 | AH27: =IFERROR(ROUND((VLOOKUP($H27,'Programa Drench'!$B$6:$AA$182,MATCH(AH$2,'Programa Drench'!$B$5:$AA$5,0),FALSE)*$I27),-1),0) -> 0 | AI27: =IFERROR((VLOOKUP($H27,'Programa Drench'!$B$6:$AA$182,MATCH(AI$2,'Programa Drench'!$B$5:$AA$5,0),FALSE)),0) -> 0
A28: =IF(($J$1-C28)>=52,($J$1-C28-100+52+1),($J$1-C28+1)) -> 2572 | G28: =MID(E28,1,1) | H28: =CONCATENATE(A28," ",G28," ",F28) -> 2572 | I28: =IF(D28="MM1",VLOOKUP($B28,'Inf Bloques'!$A$1:$K$453,11,FALSE)*1,VLOOKUP($B28,'Inf Bloques'!$A$1:$K$453,11,FALSE)) -> #N/A | J28: =I28/9 -> #N/A | K28: =IFERROR(ROUND(IF($D28="SSJ",(VLOOKUP($H28,'Programa Drench'!$B$6:$AA$182,MATCH(K$2,'Programa Drench'!$B$5:$AA$5,0),FALSE)),VLOOKUP($H28,'Programa Drench'!$B$6:$AA$182,MATCH(K$2,'Programa Drench'!$B$5:$AA$5,0),FALSE)),1),0) -> 0 | L28: =IFERROR((VLOOKUP($H28,'Programa Drench'!$B$6:$AA$182,MATCH(L$2,'Programa Drench'!$B$5:$AA$5,0),FALSE)),0) -> 0 | M28: =IFERROR((VLOOKUP($H28,'Programa Drench'!$B$6:$AA$182,MATCH(M$2,'Programa Drench'!$B$5:$AA$5,0),FALSE)*N28),0) -> 0 | N28: =IFERROR(ROUND((K28*$I28),-1),0) -> 0 | O28: =IFERROR(ROUND(IF($D28="SSJ",(VLOOKUP($H28,'Programa Drench'!$B$6:$AA$182,MATCH(O$2,'Programa Drench'!$B$5:$AA$5,0),FALSE)),VLOOKUP($H28,'Programa Drench'!$B$6:$AA$182,MATCH(O$2,'Programa Drench'!$B$5:$AA$5,0),FALSE)),1),0) -> 0 | P28: =IFERROR((VLOOKUP($H28,'Programa Drench'!$B$6:$AA$182,MATCH(P$2,'Programa Drench'!$B$5:$AA$5,0),FALSE)),0) -> 0 | Q28: =IFERROR((VLOOKUP($H28,'Programa Drench'!$B$6:$AA$182,MATCH(Q$2,'Programa Drench'!$B$5:$AA$5,0),FALSE)*R28),0) -> 0 | R28: =IFERROR(ROUND((O28*$I28),-1),0) -> 0 | S28: =IFERROR(ROUND(IF($D28="SSJ",(VLOOKUP($H28,'Programa Drench'!$B$6:$AA$182,MATCH(S$2,'Programa Drench'!$B$5:$AA$5,0),FALSE)),VLOOKUP($H28,'Programa Drench'!$B$6:$AA$182,MATCH(S$2,'Programa Drench'!$B$5:$AA$5,0),FALSE)),1),0) -> 0 | T28: =IFERROR((VLOOKUP($H28,'Programa Drench'!$B$6:$AA$182,MATCH(T$2,'Programa Drench'!$B$5:$AA$5,0),FALSE)),0) -> 0 | U28: =IFERROR((VLOOKUP($H28,'Programa Drench'!$B$6:$AA$182,MATCH(U$2,'Programa Drench'!$B$5:$AA$5,0),FALSE)*V28),0) -> 0 | V28: =IFERROR(ROUND((S28*$I28),-1),0) -> 0 | W28: =IFERROR(ROUND(IF($D28="SSJ",(VLOOKUP($H28,'Programa Drench'!$B$6:$AA$182,MATCH(W$2,'Programa Drench'!$B$5:$AA$5,0),FALSE)),VLOOKUP($H28,'Programa Drench'!$B$6:$AA$182,MATCH(W$2,'Programa Drench'!$B$5:$AA$5,0),FALSE)),1),0) -> 0 | X28: =IFERROR((VLOOKUP($H28,'Programa Drench'!$B$6:$AA$182,MATCH(X$2,'Programa Drench'!$B$5:$AA$5,0),FALSE)),0) -> 0 | Y28: =IFERROR((VLOOKUP($H28,'Programa Drench'!$B$6:$AA$182,MATCH(Y$2,'Programa Drench'!$B$5:$AA$5,0),FALSE)*Z28),0) -> 0 | Z28: =IFERROR(ROUND((W28*$I28),-1),0) -> 0 | AA28: =IFERROR(ROUND(IF($D28="SSJ",(VLOOKUP($H28,'Programa Drench'!$B$6:$AA$182,MATCH(AA$2,'Programa Drench'!$B$5:$AA$5,0),FALSE)),VLOOKUP($H28,'Programa Drench'!$B$6:$AA$182,MATCH(AA$2,'Programa Drench'!$B$5:$AA$5,0),FALSE)),1),0) -> 0 | AB28: =IFERROR((VLOOKUP($H28,'Programa Drench'!$B$6:$AA$182,MATCH(AB$2,'Programa Drench'!$B$5:$AA$5,0),FALSE)),0) -> 0 | AC28: =IFERROR((VLOOKUP($H28,'Programa Drench'!$B$6:$AA$182,MATCH(AC$2,'Programa Drench'!$B$5:$AA$5,0),FALSE)*$I28),0) -> 0 | AD28: =IFERROR(ROUND((AA28*$I28),-1),0) -> 0 | AE28: =IFERROR(ROUND((VLOOKUP($H28,'Programa Drench'!$B$6:$AA$182,MATCH(AE$2,'Programa Drench'!$B$5:$AA$5,0),FALSE)),-1),0) -> 0 | AF28: =IFERROR((VLOOKUP($H28,'Programa Drench'!$B$6:$AA$182,MATCH(AF$2,'Programa Drench'!$B$5:$AA$5,0),FALSE)),0) -> 0 | AG28: =IFERROR((VLOOKUP($H28,'Programa Drench'!$B$6:$AA$182,MATCH(AG$2,'Programa Drench'!$B$5:$AA$5,0),FALSE)*AH28),0) -> 0 | AH28: =IFERROR(ROUND((VLOOKUP($H28,'Programa Drench'!$B$6:$AA$182,MATCH(AH$2,'Programa Drench'!$B$5:$AA$5,0),FALSE)*$I28),-1),0) -> 0 | AI28: =IFERROR((VLOOKUP($H28,'Programa Drench'!$B$6:$AA$182,MATCH(AI$2,'Programa Drench'!$B$5:$AA$5,0),FALSE)),0) -> 0
A29: =IF(($J$1-C29)>=52,($J$1-C29-100+52+1),($J$1-C29+1)) -> 2572 | G29: =MID(E29,1,1) | H29: =CONCATENATE(A29," ",G29," ",F29) -> 2572 | I29: =IF(D29="MM1",VLOOKUP($B29,'Inf Bloques'!$A$1:$K$453,11,FALSE)*1,VLOOKUP($B29,'Inf Bloques'!$A$1:$K$453,11,FALSE)) -> #N/A | J29: =I29/9 -> #N/A | K29: =IFERROR(ROUND(IF($D29="SSJ",(VLOOKUP($H29,'Programa Drench'!$B$6:$AA$182,MATCH(K$2,'Programa Drench'!$B$5:$AA$5,0),FALSE)),VLOOKUP($H29,'Programa Drench'!$B$6:$AA$182,MATCH(K$2,'Programa Drench'!$B$5:$AA$5,0),FALSE)),1),0) -> 0 | L29: =IFERROR((VLOOKUP($H29,'Programa Drench'!$B$6:$AA$182,MATCH(L$2,'Programa Drench'!$B$5:$AA$5,0),FALSE)),0) -> 0 | M29: =IFERROR((VLOOKUP($H29,'Programa Drench'!$B$6:$AA$182,MATCH(M$2,'Programa Drench'!$B$5:$AA$5,0),FALSE)*N29),0) -> 0 | N29: =IFERROR(ROUND((K29*$I29),-1),0) -> 0 | O29: =IFERROR(ROUND(IF($D29="SSJ",(VLOOKUP($H29,'Programa Drench'!$B$6:$AA$182,MATCH(O$2,'Programa Drench'!$B$5:$AA$5,0),FALSE)),VLOOKUP($H29,'Programa Drench'!$B$6:$AA$182,MATCH(O$2,'Programa Drench'!$B$5:$AA$5,0),FALSE)),1),0) -> 0 | P29: =IFERROR((VLOOKUP($H29,'Programa Drench'!$B$6:$AA$182,MATCH(P$2,'Programa Drench'!$B$5:$AA$5,0),FALSE)),0) -> 0 | Q29: =IFERROR((VLOOKUP($H29,'Programa Drench'!$B$6:$AA$182,MATCH(Q$2,'Programa Drench'!$B$5:$AA$5,0),FALSE)*R29),0) -> 0 | R29: =IFERROR(ROUND((O29*$I29),-1),0) -> 0 | S29: =IFERROR(ROUND(IF($D29="SSJ",(VLOOKUP($H29,'Programa Drench'!$B$6:$AA$182,MATCH(S$2,'Programa Drench'!$B$5:$AA$5,0),FALSE)),VLOOKUP($H29,'Programa Drench'!$B$6:$AA$182,MATCH(S$2,'Programa Drench'!$B$5:$AA$5,0),FALSE)),1),0) -> 0 | T29: =IFERROR((VLOOKUP($H29,'Programa Drench'!$B$6:$AA$182,MATCH(T$2,'Programa Drench'!$B$5:$AA$5,0),FALSE)),0) -> 0 | U29: =IFERROR((VLOOKUP($H29,'Programa Drench'!$B$6:$AA$182,MATCH(U$2,'Programa Drench'!$B$5:$AA$5,0),FALSE)*V29),0) -> 0 | V29: =IFERROR(ROUND((S29*$I29),-1),0) -> 0 | W29: =IFERROR(ROUND(IF($D29="SSJ",(VLOOKUP($H29,'Programa Drench'!$B$6:$AA$182,MATCH(W$2,'Programa Drench'!$B$5:$AA$5,0),FALSE)),VLOOKUP($H29,'Programa Drench'!$B$6:$AA$182,MATCH(W$2,'Programa Drench'!$B$5:$AA$5,0),FALSE)),1),0) -> 0 | X29: =IFERROR((VLOOKUP($H29,'Programa Drench'!$B$6:$AA$182,MATCH(X$2,'Programa Drench'!$B$5:$AA$5,0),FALSE)),0) -> 0 | Y29: =IFERROR((VLOOKUP($H29,'Programa Drench'!$B$6:$AA$182,MATCH(Y$2,'Programa Drench'!$B$5:$AA$5,0),FALSE)*Z29),0) -> 0 | Z29: =IFERROR(ROUND((W29*$I29),-1),0) -> 0 | AA29: =IFERROR(ROUND(IF($D29="SSJ",(VLOOKUP($H29,'Programa Drench'!$B$6:$AA$182,MATCH(AA$2,'Programa Drench'!$B$5:$AA$5,0),FALSE)),VLOOKUP($H29,'Programa Drench'!$B$6:$AA$182,MATCH(AA$2,'Programa Drench'!$B$5:$AA$5,0),FALSE)),1),0) -> 0 | AB29: =IFERROR((VLOOKUP($H29,'Programa Drench'!$B$6:$AA$182,MATCH(AB$2,'Programa Drench'!$B$5:$AA$5,0),FALSE)),0) -> 0 | AC29: =IFERROR((VLOOKUP($H29,'Programa Drench'!$B$6:$AA$182,MATCH(AC$2,'Programa Drench'!$B$5:$AA$5,0),FALSE)*$I29),0) -> 0 | AD29: =IFERROR(ROUND((AA29*$I29),-1),0) -> 0 | AE29: =IFERROR(ROUND((VLOOKUP($H29,'Programa Drench'!$B$6:$AA$182,MATCH(AE$2,'Programa Drench'!$B$5:$AA$5,0),FALSE)),-1),0) -> 0 | AF29: =IFERROR((VLOOKUP($H29,'Programa Drench'!$B$6:$AA$182,MATCH(AF$2,'Programa Drench'!$B$5:$AA$5,0),FALSE)),0) -> 0 | AG29: =IFERROR((VLOOKUP($H29,'Programa Drench'!$B$6:$AA$182,MATCH(AG$2,'Programa Drench'!$B$5:$AA$5,0),FALSE)*AH29),0) -> 0 | AH29: =IFERROR(ROUND((VLOOKUP($H29,'Programa Drench'!$B$6:$AA$182,MATCH(AH$2,'Programa Drench'!$B$5:$AA$5,0),FALSE)*$I29),-1),0) -> 0 | AI29: =IFERROR((VLOOKUP($H29,'Programa Drench'!$B$6:$AA$182,MATCH(AI$2,'Programa Drench'!$B$5:$AA$5,0),FALSE)),0) -> 0
A30: =IF(($J$1-C30)>=52,($J$1-C30-100+52+1),($J$1-C30+1)) -> 2572 | G30: =MID(E30,1,1) | H30: =CONCATENATE(A30," ",G30," ",F30) -> 2572 | I30: =IF(D30="MM1",VLOOKUP($B30,'Inf Bloques'!$A$1:$K$453,11,FALSE)*1,VLOOKUP($B30,'Inf Bloques'!$A$1:$K$453,11,FALSE)) -> #N/A | J30: =I30/9 -> #N/A | K30: =IFERROR(ROUND(IF($D30="SSJ",(VLOOKUP($H30,'Programa Drench'!$B$6:$AA$182,MATCH(K$2,'Programa Drench'!$B$5:$AA$5,0),FALSE)),VLOOKUP($H30,'Programa Drench'!$B$6:$AA$182,MATCH(K$2,'Programa Drench'!$B$5:$AA$5,0),FALSE)),1),0) -> 0 | L30: =IFERROR((VLOOKUP($H30,'Programa Drench'!$B$6:$AA$182,MATCH(L$2,'Programa Drench'!$B$5:$AA$5,0),FALSE)),0) -> 0 | M30: =IFERROR((VLOOKUP($H30,'Programa Drench'!$B$6:$AA$182,MATCH(M$2,'Programa Drench'!$B$5:$AA$5,0),FALSE)*N30),0) -> 0 | N30: =IFERROR(ROUND((K30*$I30),-1),0) -> 0 | O30: =IFERROR(ROUND(IF($D30="SSJ",(VLOOKUP($H30,'Programa Drench'!$B$6:$AA$182,MATCH(O$2,'Programa Drench'!$B$5:$AA$5,0),FALSE)),VLOOKUP($H30,'Programa Drench'!$B$6:$AA$182,MATCH(O$2,'Programa Drench'!$B$5:$AA$5,0),FALSE)),1),0) -> 0 | P30: =IFERROR((VLOOKUP($H30,'Programa Drench'!$B$6:$AA$182,MATCH(P$2,'Programa Drench'!$B$5:$AA$5,0),FALSE)),0) -> 0 | Q30: =IFERROR((VLOOKUP($H30,'Programa Drench'!$B$6:$AA$182,MATCH(Q$2,'Programa Drench'!$B$5:$AA$5,0),FALSE)*R30),0) -> 0 | R30: =IFERROR(ROUND((O30*$I30),-1),0) -> 0 | S30: =IFERROR(ROUND(IF($D30="SSJ",(VLOOKUP($H30,'Programa Drench'!$B$6:$AA$182,MATCH(S$2,'Programa Drench'!$B$5:$AA$5,0),FALSE)),VLOOKUP($H30,'Programa Drench'!$B$6:$AA$182,MATCH(S$2,'Programa Drench'!$B$5:$AA$5,0),FALSE)),1),0) -> 0 | T30: =IFERROR((VLOOKUP($H30,'Programa Drench'!$B$6:$AA$182,MATCH(T$2,'Programa Drench'!$B$5:$AA$5,0),FALSE)),0) -> 0 | U30: =IFERROR((VLOOKUP($H30,'Programa Drench'!$B$6:$AA$182,MATCH(U$2,'Programa Drench'!$B$5:$AA$5,0),FALSE)*V30),0) -> 0 | V30: =IFERROR(ROUND((S30*$I30),-1),0) -> 0 | W30: =IFERROR(ROUND(IF($D30="SSJ",(VLOOKUP($H30,'Programa Drench'!$B$6:$AA$182,MATCH(W$2,'Programa Drench'!$B$5:$AA$5,0),FALSE)),VLOOKUP($H30,'Programa Drench'!$B$6:$AA$182,MATCH(W$2,'Programa Drench'!$B$5:$AA$5,0),FALSE)),1),0) -> 0 | X30: =IFERROR((VLOOKUP($H30,'Programa Drench'!$B$6:$AA$182,MATCH(X$2,'Programa Drench'!$B$5:$AA$5,0),FALSE)),0) -> 0 | Y30: =IFERROR((VLOOKUP($H30,'Programa Drench'!$B$6:$AA$182,MATCH(Y$2,'Programa Drench'!$B$5:$AA$5,0),FALSE)*Z30),0) -> 0 | Z30: =IFERROR(ROUND((W30*$I30),-1),0) -> 0 | AA30: =IFERROR(ROUND(IF($D30="SSJ",(VLOOKUP($H30,'Programa Drench'!$B$6:$AA$182,MATCH(AA$2,'Programa Drench'!$B$5:$AA$5,0),FALSE)),VLOOKUP($H30,'Programa Drench'!$B$6:$AA$182,MATCH(AA$2,'Programa Drench'!$B$5:$AA$5,0),FALSE)),1),0) -> 0 | AB30: =IFERROR((VLOOKUP($H30,'Programa Drench'!$B$6:$AA$182,MATCH(AB$2,'Programa Drench'!$B$5:$AA$5,0),FALSE)),0) -> 0 | AC30: =IFERROR((VLOOKUP($H30,'Programa Drench'!$B$6:$AA$182,MATCH(AC$2,'Programa Drench'!$B$5:$AA$5,0),FALSE)*$I30),0) -> 0 | AD30: =IFERROR(ROUND((AA30*$I30),-1),0) -> 0 | AE30: =IFERROR(ROUND((VLOOKUP($H30,'Programa Drench'!$B$6:$AA$182,MATCH(AE$2,'Programa Drench'!$B$5:$AA$5,0),FALSE)),-1),0) -> 0 | AF30: =IFERROR((VLOOKUP($H30,'Programa Drench'!$B$6:$AA$182,MATCH(AF$2,'Programa Drench'!$B$5:$AA$5,0),FALSE)),0) -> 0 | AG30: =IFERROR((VLOOKUP($H30,'Programa Drench'!$B$6:$AA$182,MATCH(AG$2,'Programa Drench'!$B$5:$AA$5,0),FALSE)*AH30),0) -> 0 | AH30: =IFERROR(ROUND((VLOOKUP($H30,'Programa Drench'!$B$6:$AA$182,MATCH(AH$2,'Programa Drench'!$B$5:$AA$5,0),FALSE)*$I30),-1),0) -> 0 | AI30: =IFERROR((VLOOKUP($H30,'Programa Drench'!$B$6:$AA$182,MATCH(AI$2,'Programa Drench'!$B$5:$AA$5,0),FALSE)),0) -> 0
A31: =IF(($J$1-C31)>=52,($J$1-C31-100+52+1),($J$1-C31+1)) -> 2572 | G31: =MID(E31,1,1) | H31: =CONCATENATE(A31," ",G31," ",F31) -> 2572 | I31: =IF(D31="MM1",VLOOKUP($B31,'Inf Bloques'!$A$1:$K$453,11,FALSE)*1,VLOOKUP($B31,'Inf Bloques'!$A$1:$K$453,11,FALSE)) -> #N/A | J31: =I31/9 -> #N/A | K31: =IFERROR(ROUND(IF($D31="SSJ",(VLOOKUP($H31,'Programa Drench'!$B$6:$AA$182,MATCH(K$2,'Programa Drench'!$B$5:$AA$5,0),FALSE)),VLOOKUP($H31,'Programa Drench'!$B$6:$AA$182,MATCH(K$2,'Programa Drench'!$B$5:$AA$5,0),FALSE)),1),0) -> 0 | L31: =IFERROR((VLOOKUP($H31,'Programa Drench'!$B$6:$AA$182,MATCH(L$2,'Programa Drench'!$B$5:$AA$5,0),FALSE)),0) -> 0 | M31: =IFERROR((VLOOKUP($H31,'Programa Drench'!$B$6:$AA$182,MATCH(M$2,'Programa Drench'!$B$5:$AA$5,0),FALSE)*N31),0) -> 0 | N31: =IFERROR(ROUND((K31*$I31),-1),0) -> 0 | O31: =IFERROR(ROUND(IF($D31="SSJ",(VLOOKUP($H31,'Programa Drench'!$B$6:$AA$182,MATCH(O$2,'Programa Drench'!$B$5:$AA$5,0),FALSE)),VLOOKUP($H31,'Programa Drench'!$B$6:$AA$182,MATCH(O$2,'Programa Drench'!$B$5:$AA$5,0),FALSE)),1),0) -> 0 | P31: =IFERROR((VLOOKUP($H31,'Programa Drench'!$B$6:$AA$182,MATCH(P$2,'Programa Drench'!$B$5:$AA$5,0),FALSE)),0) -> 0 | Q31: =IFERROR((VLOOKUP($H31,'Programa Drench'!$B$6:$AA$182,MATCH(Q$2,'Programa Drench'!$B$5:$AA$5,0),FALSE)*R31),0) -> 0 | R31: =IFERROR(ROUND((O31*$I31),-1),0) -> 0 | S31: =IFERROR(ROUND(IF($D31="SSJ",(VLOOKUP($H31,'Programa Drench'!$B$6:$AA$182,MATCH(S$2,'Programa Drench'!$B$5:$AA$5,0),FALSE)),VLOOKUP($H31,'Programa Drench'!$B$6:$AA$182,MATCH(S$2,'Programa Drench'!$B$5:$AA$5,0),FALSE)),1),0) -> 0 | T31: =IFERROR((VLOOKUP($H31,'Programa Drench'!$B$6:$AA$182,MATCH(T$2,'Programa Drench'!$B$5:$AA$5,0),FALSE)),0) -> 0 | U31: =IFERROR((VLOOKUP($H31,'Programa Drench'!$B$6:$AA$182,MATCH(U$2,'Programa Drench'!$B$5:$AA$5,0),FALSE)*V31),0) -> 0 | V31: =IFERROR(ROUND((S31*$I31),-1),0) -> 0 | W31: =IFERROR(ROUND(IF($D31="SSJ",(VLOOKUP($H31,'Programa Drench'!$B$6:$AA$182,MATCH(W$2,'Programa Drench'!$B$5:$AA$5,0),FALSE)),VLOOKUP($H31,'Programa Drench'!$B$6:$AA$182,MATCH(W$2,'Programa Drench'!$B$5:$AA$5,0),FALSE)),1),0) -> 0 | X31: =IFERROR((VLOOKUP($H31,'Programa Drench'!$B$6:$AA$182,MATCH(X$2,'Programa Drench'!$B$5:$AA$5,0),FALSE)),0) -> 0 | Y31: =IFERROR((VLOOKUP($H31,'Programa Drench'!$B$6:$AA$182,MATCH(Y$2,'Programa Drench'!$B$5:$AA$5,0),FALSE)*Z31),0) -> 0 | Z31: =IFERROR(ROUND((W31*$I31),-1),0) -> 0 | AA31: =IFERROR(ROUND(IF($D31="SSJ",(VLOOKUP($H31,'Programa Drench'!$B$6:$AA$182,MATCH(AA$2,'Programa Drench'!$B$5:$AA$5,0),FALSE)),VLOOKUP($H31,'Programa Drench'!$B$6:$AA$182,MATCH(AA$2,'Programa Drench'!$B$5:$AA$5,0),FALSE)),1),0) -> 0 | AB31: =IFERROR((VLOOKUP($H31,'Programa Drench'!$B$6:$AA$182,MATCH(AB$2,'Programa Drench'!$B$5:$AA$5,0),FALSE)),0) -> 0 | AC31: =IFERROR((VLOOKUP($H31,'Programa Drench'!$B$6:$AA$182,MATCH(AC$2,'Programa Drench'!$B$5:$AA$5,0),FALSE)*$I31),0) -> 0 | AD31: =IFERROR(ROUND((AA31*$I31),-1),0) -> 0 | AE31: =IFERROR(ROUND((VLOOKUP($H31,'Programa Drench'!$B$6:$AA$182,MATCH(AE$2,'Programa Drench'!$B$5:$AA$5,0),FALSE)),-1),0) -> 0 | AF31: =IFERROR((VLOOKUP($H31,'Programa Drench'!$B$6:$AA$182,MATCH(AF$2,'Programa Drench'!$B$5:$AA$5,0),FALSE)),0) -> 0 | AG31: =IFERROR((VLOOKUP($H31,'Programa Drench'!$B$6:$AA$182,MATCH(AG$2,'Programa Drench'!$B$5:$AA$5,0),FALSE)*AH31),0) -> 0 | AH31: =IFERROR(ROUND((VLOOKUP($H31,'Programa Drench'!$B$6:$AA$182,MATCH(AH$2,'Programa Drench'!$B$5:$AA$5,0),FALSE)*$I31),-1),0) -> 0 | AI31: =IFERROR((VLOOKUP($H31,'Programa Drench'!$B$6:$AA$182,MATCH(AI$2,'Programa Drench'!$B$5:$AA$5,0),FALSE)),0) -> 0
A32: =IF(($J$1-C32)>=52,($J$1-C32-100+52+1),($J$1-C32+1)) -> 2572 | G32: =MID(E32,1,1) | H32: =CONCATENATE(A32," ",G32," ",F32) -> 2572 | I32: =IF(D32="MM1",VLOOKUP($B32,'Inf Bloques'!$A$1:$K$453,11,FALSE)*1,VLOOKUP($B32,'Inf Bloques'!$A$1:$K$453,11,FALSE)) -> #N/A | J32: =I32/9 -> #N/A | K32: =IFERROR(ROUND(IF($D32="SSJ",(VLOOKUP($H32,'Programa Drench'!$B$6:$AA$182,MATCH(K$2,'Programa Drench'!$B$5:$AA$5,0),FALSE)),VLOOKUP($H32,'Programa Drench'!$B$6:$AA$182,MATCH(K$2,'Programa Drench'!$B$5:$AA$5,0),FALSE)),1),0) -> 0 | L32: =IFERROR((VLOOKUP($H32,'Programa Drench'!$B$6:$AA$182,MATCH(L$2,'Programa Drench'!$B$5:$AA$5,0),FALSE)),0) -> 0 | M32: =IFERROR((VLOOKUP($H32,'Programa Drench'!$B$6:$AA$182,MATCH(M$2,'Programa Drench'!$B$5:$AA$5,0),FALSE)*N32),0) -> 0 | N32: =IFERROR(ROUND((K32*$I32),-1),0) -> 0 | O32: =IFERROR(ROUND(IF($D32="SSJ",(VLOOKUP($H32,'Programa Drench'!$B$6:$AA$182,MATCH(O$2,'Programa Drench'!$B$5:$AA$5,0),FALSE)),VLOOKUP($H32,'Programa Drench'!$B$6:$AA$182,MATCH(O$2,'Programa Drench'!$B$5:$AA$5,0),FALSE)),1),0) -> 0 | P32: =IFERROR((VLOOKUP($H32,'Programa Drench'!$B$6:$AA$182,MATCH(P$2,'Programa Drench'!$B$5:$AA$5,0),FALSE)),0) -> 0 | Q32: =IFERROR((VLOOKUP($H32,'Programa Drench'!$B$6:$AA$182,MATCH(Q$2,'Programa Drench'!$B$5:$AA$5,0),FALSE)*R32),0) -> 0 | R32: =IFERROR(ROUND((O32*$I32),-1),0) -> 0 | S32: =IFERROR(ROUND(IF($D32="SSJ",(VLOOKUP($H32,'Programa Drench'!$B$6:$AA$182,MATCH(S$2,'Programa Drench'!$B$5:$AA$5,0),FALSE)),VLOOKUP($H32,'Programa Drench'!$B$6:$AA$182,MATCH(S$2,'Programa Drench'!$B$5:$AA$5,0),FALSE)),1),0) -> 0 | T32: =IFERROR((VLOOKUP($H32,'Programa Drench'!$B$6:$AA$182,MATCH(T$2,'Programa Drench'!$B$5:$AA$5,0),FALSE)),0) -> 0 | U32: =IFERROR((VLOOKUP($H32,'Programa Drench'!$B$6:$AA$182,MATCH(U$2,'Programa Drench'!$B$5:$AA$5,0),FALSE)*V32),0) -> 0 | V32: =IFERROR(ROUND((S32*$I32),-1),0) -> 0 | W32: =IFERROR(ROUND(IF($D32="SSJ",(VLOOKUP($H32,'Programa Drench'!$B$6:$AA$182,MATCH(W$2,'Programa Drench'!$B$5:$AA$5,0),FALSE)),VLOOKUP($H32,'Programa Drench'!$B$6:$AA$182,MATCH(W$2,'Programa Drench'!$B$5:$AA$5,0),FALSE)),1),0) -> 0 | X32: =IFERROR((VLOOKUP($H32,'Programa Drench'!$B$6:$AA$182,MATCH(X$2,'Programa Drench'!$B$5:$AA$5,0),FALSE)),0) -> 0 | Y32: =IFERROR((VLOOKUP($H32,'Programa Drench'!$B$6:$AA$182,MATCH(Y$2,'Programa Drench'!$B$5:$AA$5,0),FALSE)*Z32),0) -> 0 | Z32: =IFERROR(ROUND((W32*$I32),-1),0) -> 0 | AA32: =IFERROR(ROUND(IF($D32="SSJ",(VLOOKUP($H32,'Programa Drench'!$B$6:$AA$182,MATCH(AA$2,'Programa Drench'!$B$5:$AA$5,0),FALSE)),VLOOKUP($H32,'Programa Drench'!$B$6:$AA$182,MATCH(AA$2,'Programa Drench'!$B$5:$AA$5,0),FALSE)),1),0) -> 0 | AB32: =IFERROR((VLOOKUP($H32,'Programa Drench'!$B$6:$AA$182,MATCH(AB$2,'Programa Drench'!$B$5:$AA$5,0),FALSE)),0) -> 0 | AC32: =IFERROR((VLOOKUP($H32,'Programa Drench'!$B$6:$AA$182,MATCH(AC$2,'Programa Drench'!$B$5:$AA$5,0),FALSE)*$I32),0) -> 0 | AD32: =IFERROR(ROUND((AA32*$I32),-1),0) -> 0 | AE32: =IFERROR(ROUND((VLOOKUP($H32,'Programa Drench'!$B$6:$AA$182,MATCH(AE$2,'Programa Drench'!$B$5:$AA$5,0),FALSE)),-1),0) -> 0 | AF32: =IFERROR((VLOOKUP($H32,'Programa Drench'!$B$6:$AA$182,MATCH(AF$2,'Programa Drench'!$B$5:$AA$5,0),FALSE)),0) -> 0 | AG32: =IFERROR((VLOOKUP($H32,'Programa Drench'!$B$6:$AA$182,MATCH(AG$2,'Programa Drench'!$B$5:$AA$5,0),FALSE)*AH32),0) -> 0 | AH32: =IFERROR(ROUND((VLOOKUP($H32,'Programa Drench'!$B$6:$AA$182,MATCH(AH$2,'Programa Drench'!$B$5:$AA$5,0),FALSE)*$I32),-1),0) -> 0 | AI32: =IFERROR((VLOOKUP($H32,'Programa Drench'!$B$6:$AA$182,MATCH(AI$2,'Programa Drench'!$B$5:$AA$5,0),FALSE)),0) -> 0
A33: =IF(($J$1-C33)>=52,($J$1-C33-100+52+1),($J$1-C33+1)) -> 2572 | G33: =MID(E33,1,1) | H33: =CONCATENATE(A33," ",G33," ",F33) -> 2572 | I33: =IF(D33="MM1",VLOOKUP($B33,'Inf Bloques'!$A$1:$K$453,11,FALSE)*1,VLOOKUP($B33,'Inf Bloques'!$A$1:$K$453,11,FALSE)) -> #N/A | J33: =I33/9 -> #N/A | K33: =IFERROR(ROUND(IF($D33="SSJ",(VLOOKUP($H33,'Programa Drench'!$B$6:$AA$182,MATCH(K$2,'Programa Drench'!$B$5:$AA$5,0),FALSE)),VLOOKUP($H33,'Programa Drench'!$B$6:$AA$182,MATCH(K$2,'Programa Drench'!$B$5:$AA$5,0),FALSE)),1),0) -> 0 | L33: =IFERROR((VLOOKUP($H33,'Programa Drench'!$B$6:$AA$182,MATCH(L$2,'Programa Drench'!$B$5:$AA$5,0),FALSE)),0) -> 0 | M33: =IFERROR((VLOOKUP($H33,'Programa Drench'!$B$6:$AA$182,MATCH(M$2,'Programa Drench'!$B$5:$AA$5,0),FALSE)*N33),0) -> 0 | N33: =IFERROR(ROUND((K33*$I33),-1),0) -> 0 | O33: =IFERROR(ROUND(IF($D33="SSJ",(VLOOKUP($H33,'Programa Drench'!$B$6:$AA$182,MATCH(O$2,'Programa Drench'!$B$5:$AA$5,0),FALSE)),VLOOKUP($H33,'Programa Drench'!$B$6:$AA$182,MATCH(O$2,'Programa Drench'!$B$5:$AA$5,0),FALSE)),1),0) -> 0 | P33: =IFERROR((VLOOKUP($H33,'Programa Drench'!$B$6:$AA$182,MATCH(P$2,'Programa Drench'!$B$5:$AA$5,0),FALSE)),0) -> 0 | Q33: =IFERROR((VLOOKUP($H33,'Programa Drench'!$B$6:$AA$182,MATCH(Q$2,'Programa Drench'!$B$5:$AA$5,0),FALSE)*R33),0) -> 0 | R33: =IFERROR(ROUND((O33*$I33),-1),0) -> 0 | S33: =IFERROR(ROUND(IF($D33="SSJ",(VLOOKUP($H33,'Programa Drench'!$B$6:$AA$182,MATCH(S$2,'Programa Drench'!$B$5:$AA$5,0),FALSE)),VLOOKUP($H33,'Programa Drench'!$B$6:$AA$182,MATCH(S$2,'Programa Drench'!$B$5:$AA$5,0),FALSE)),1),0) -> 0 | T33: =IFERROR((VLOOKUP($H33,'Programa Drench'!$B$6:$AA$182,MATCH(T$2,'Programa Drench'!$B$5:$AA$5,0),FALSE)),0) -> 0 | U33: =IFERROR((VLOOKUP($H33,'Programa Drench'!$B$6:$AA$182,MATCH(U$2,'Programa Drench'!$B$5:$AA$5,0),FALSE)*V33),0) -> 0 | V33: =IFERROR(ROUND((S33*$I33),-1),0) -> 0 | W33: =IFERROR(ROUND(IF($D33="SSJ",(VLOOKUP($H33,'Programa Drench'!$B$6:$AA$182,MATCH(W$2,'Programa Drench'!$B$5:$AA$5,0),FALSE)),VLOOKUP($H33,'Programa Drench'!$B$6:$AA$182,MATCH(W$2,'Programa Drench'!$B$5:$AA$5,0),FALSE)),1),0) -> 0 | X33: =IFERROR((VLOOKUP($H33,'Programa Drench'!$B$6:$AA$182,MATCH(X$2,'Programa Drench'!$B$5:$AA$5,0),FALSE)),0) -> 0 | Y33: =IFERROR((VLOOKUP($H33,'Programa Drench'!$B$6:$AA$182,MATCH(Y$2,'Programa Drench'!$B$5:$AA$5,0),FALSE)*Z33),0) -> 0 | Z33: =IFERROR(ROUND((W33*$I33),-1),0) -> 0 | AA33: =IFERROR(ROUND(IF($D33="SSJ",(VLOOKUP($H33,'Programa Drench'!$B$6:$AA$182,MATCH(AA$2,'Programa Drench'!$B$5:$AA$5,0),FALSE)),VLOOKUP($H33,'Programa Drench'!$B$6:$AA$182,MATCH(AA$2,'Programa Drench'!$B$5:$AA$5,0),FALSE)),1),0) -> 0 | AB33: =IFERROR((VLOOKUP($H33,'Programa Drench'!$B$6:$AA$182,MATCH(AB$2,'Programa Drench'!$B$5:$AA$5,0),FALSE)),0) -> 0 | AC33: =IFERROR((VLOOKUP($H33,'Programa Drench'!$B$6:$AA$182,MATCH(AC$2,'Programa Drench'!$B$5:$AA$5,0),FALSE)*$I33),0) -> 0 | AD33: =IFERROR(ROUND((AA33*$I33),-1),0) -> 0 | AE33: =IFERROR(ROUND((VLOOKUP($H33,'Programa Drench'!$B$6:$AA$182,MATCH(AE$2,'Programa Drench'!$B$5:$AA$5,0),FALSE)),-1),0) -> 0 | AF33: =IFERROR((VLOOKUP($H33,'Programa Drench'!$B$6:$AA$182,MATCH(AF$2,'Programa Drench'!$B$5:$AA$5,0),FALSE)),0) -> 0 | AG33: =IFERROR((VLOOKUP($H33,'Programa Drench'!$B$6:$AA$182,MATCH(AG$2,'Programa Drench'!$B$5:$AA$5,0),FALSE)*AH33),0) -> 0 | AH33: =IFERROR(ROUND((VLOOKUP($H33,'Programa Drench'!$B$6:$AA$182,MATCH(AH$2,'Programa Drench'!$B$5:$AA$5,0),FALSE)*$I33),-1),0) -> 0 | AI33: =IFERROR((VLOOKUP($H33,'Programa Drench'!$B$6:$AA$182,MATCH(AI$2,'Programa Drench'!$B$5:$AA$5,0),FALSE)),0) -> 0
A34: =IF(($J$1-C34)>=52,($J$1-C34-100+52+1),($J$1-C34+1)) -> 2572 | G34: =MID(E34,1,1) | H34: =CONCATENATE(A34," ",G34," ",F34) -> 2572 | I34: =IF(D34="MM1",VLOOKUP($B34,'Inf Bloques'!$A$1:$K$453,11,FALSE)*1,VLOOKUP($B34,'Inf Bloques'!$A$1:$K$453,11,FALSE)) -> #N/A | J34: =I34/9 -> #N/A | K34: =IFERROR(ROUND(IF($D34="SSJ",(VLOOKUP($H34,'Programa Drench'!$B$6:$AA$182,MATCH(K$2,'Programa Drench'!$B$5:$AA$5,0),FALSE)),VLOOKUP($H34,'Programa Drench'!$B$6:$AA$182,MATCH(K$2,'Programa Drench'!$B$5:$AA$5,0),FALSE)),1),0) -> 0 | L34: =IFERROR((VLOOKUP($H34,'Programa Drench'!$B$6:$AA$182,MATCH(L$2,'Programa Drench'!$B$5:$AA$5,0),FALSE)),0) -> 0 | M34: =IFERROR((VLOOKUP($H34,'Programa Drench'!$B$6:$AA$182,MATCH(M$2,'Programa Drench'!$B$5:$AA$5,0),FALSE)*N34),0) -> 0 | N34: =IFERROR(ROUND((K34*$I34),-1),0) -> 0 | O34: =IFERROR(ROUND(IF($D34="SSJ",(VLOOKUP($H34,'Programa Drench'!$B$6:$AA$182,MATCH(O$2,'Programa Drench'!$B$5:$AA$5,0),FALSE)),VLOOKUP($H34,'Programa Drench'!$B$6:$AA$182,MATCH(O$2,'Programa Drench'!$B$5:$AA$5,0),FALSE)),1),0) -> 0 | P34: =IFERROR((VLOOKUP($H34,'Programa Drench'!$B$6:$AA$182,MATCH(P$2,'Programa Drench'!$B$5:$AA$5,0),FALSE)),0) -> 0 | Q34: =IFERROR((VLOOKUP($H34,'Programa Drench'!$B$6:$AA$182,MATCH(Q$2,'Programa Drench'!$B$5:$AA$5,0),FALSE)*R34),0) -> 0 | R34: =IFERROR(ROUND((O34*$I34),-1),0) -> 0 | S34: =IFERROR(ROUND(IF($D34="SSJ",(VLOOKUP($H34,'Programa Drench'!$B$6:$AA$182,MATCH(S$2,'Programa Drench'!$B$5:$AA$5,0),FALSE)),VLOOKUP($H34,'Programa Drench'!$B$6:$AA$182,MATCH(S$2,'Programa Drench'!$B$5:$AA$5,0),FALSE)),1),0) -> 0 | T34: =IFERROR((VLOOKUP($H34,'Programa Drench'!$B$6:$AA$182,MATCH(T$2,'Programa Drench'!$B$5:$AA$5,0),FALSE)),0) -> 0 | U34: =IFERROR((VLOOKUP($H34,'Programa Drench'!$B$6:$AA$182,MATCH(U$2,'Programa Drench'!$B$5:$AA$5,0),FALSE)*V34),0) -> 0 | V34: =IFERROR(ROUND((S34*$I34),-1),0) -> 0 | W34: =IFERROR(ROUND(IF($D34="SSJ",(VLOOKUP($H34,'Programa Drench'!$B$6:$AA$182,MATCH(W$2,'Programa Drench'!$B$5:$AA$5,0),FALSE)),VLOOKUP($H34,'Programa Drench'!$B$6:$AA$182,MATCH(W$2,'Programa Drench'!$B$5:$AA$5,0),FALSE)),1),0) -> 0 | X34: =IFERROR((VLOOKUP($H34,'Programa Drench'!$B$6:$AA$182,MATCH(X$2,'Programa Drench'!$B$5:$AA$5,0),FALSE)),0) -> 0 | Y34: =IFERROR((VLOOKUP($H34,'Programa Drench'!$B$6:$AA$182,MATCH(Y$2,'Programa Drench'!$B$5:$AA$5,0),FALSE)*Z34),0) -> 0 | Z34: =IFERROR(ROUND((W34*$I34),-1),0) -> 0 | AA34: =IFERROR(ROUND(IF($D34="SSJ",(VLOOKUP($H34,'Programa Drench'!$B$6:$AA$182,MATCH(AA$2,'Programa Drench'!$B$5:$AA$5,0),FALSE)),VLOOKUP($H34,'Programa Drench'!$B$6:$AA$182,MATCH(AA$2,'Programa Drench'!$B$5:$AA$5,0),FALSE)),1),0) -> 0 | AB34: =IFERROR((VLOOKUP($H34,'Programa Drench'!$B$6:$AA$182,MATCH(AB$2,'Programa Drench'!$B$5:$AA$5,0),FALSE)),0) -> 0 | AC34: =IFERROR((VLOOKUP($H34,'Programa Drench'!$B$6:$AA$182,MATCH(AC$2,'Programa Drench'!$B$5:$AA$5,0),FALSE)*$I34),0) -> 0 | AD34: =IFERROR(ROUND((AA34*$I34),-1),0) -> 0 | AE34: =IFERROR(ROUND((VLOOKUP($H34,'Programa Drench'!$B$6:$AA$182,MATCH(AE$2,'Programa Drench'!$B$5:$AA$5,0),FALSE)),-1),0) -> 0 | AF34: =IFERROR((VLOOKUP($H34,'Programa Drench'!$B$6:$AA$182,MATCH(AF$2,'Programa Drench'!$B$5:$AA$5,0),FALSE)),0) -> 0 | AG34: =IFERROR((VLOOKUP($H34,'Programa Drench'!$B$6:$AA$182,MATCH(AG$2,'Programa Drench'!$B$5:$AA$5,0),FALSE)*AH34),0) -> 0 | AH34: =IFERROR(ROUND((VLOOKUP($H34,'Programa Drench'!$B$6:$AA$182,MATCH(AH$2,'Programa Drench'!$B$5:$AA$5,0),FALSE)*$I34),-1),0) -> 0 | AI34: =IFERROR((VLOOKUP($H34,'Programa Drench'!$B$6:$AA$182,MATCH(AI$2,'Programa Drench'!$B$5:$AA$5,0),FALSE)),0) -> 0
A35: =IF(($J$1-C35)>=52,($J$1-C35-100+52+1),($J$1-C35+1)) -> 2572 | G35: =MID(E35,1,1) | H35: =CONCATENATE(A35," ",G35," ",F35) -> 2572 | I35: =IF(D35="MM1",VLOOKUP($B35,'Inf Bloques'!$A$1:$K$453,11,FALSE)*1,VLOOKUP($B35,'Inf Bloques'!$A$1:$K$453,11,FALSE)) -> #N/A | J35: =I35/9 -> #N/A | K35: =IFERROR(ROUND(IF($D35="SSJ",(VLOOKUP($H35,'Programa Drench'!$B$6:$AA$182,MATCH(K$2,'Programa Drench'!$B$5:$AA$5,0),FALSE)),VLOOKUP($H35,'Programa Drench'!$B$6:$AA$182,MATCH(K$2,'Programa Drench'!$B$5:$AA$5,0),FALSE)),1),0) -> 0 | L35: =IFERROR((VLOOKUP($H35,'Programa Drench'!$B$6:$AA$182,MATCH(L$2,'Programa Drench'!$B$5:$AA$5,0),FALSE)),0) -> 0 | M35: =IFERROR((VLOOKUP($H35,'Programa Drench'!$B$6:$AA$182,MATCH(M$2,'Programa Drench'!$B$5:$AA$5,0),FALSE)*N35),0) -> 0 | N35: =IFERROR(ROUND((K35*$I35),-1),0) -> 0 | O35: =IFERROR(ROUND(IF($D35="SSJ",(VLOOKUP($H35,'Programa Drench'!$B$6:$AA$182,MATCH(O$2,'Programa Drench'!$B$5:$AA$5,0),FALSE)),VLOOKUP($H35,'Programa Drench'!$B$6:$AA$182,MATCH(O$2,'Programa Drench'!$B$5:$AA$5,0),FALSE)),1),0) -> 0 | P35: =IFERROR((VLOOKUP($H35,'Programa Drench'!$B$6:$AA$182,MATCH(P$2,'Programa Drench'!$B$5:$AA$5,0),FALSE)),0) -> 0 | Q35: =IFERROR((VLOOKUP($H35,'Programa Drench'!$B$6:$AA$182,MATCH(Q$2,'Programa Drench'!$B$5:$AA$5,0),FALSE)*R35),0) -> 0 | R35: =IFERROR(ROUND((O35*$I35),-1),0) -> 0 | S35: =IFERROR(ROUND(IF($D35="SSJ",(VLOOKUP($H35,'Programa Drench'!$B$6:$AA$182,MATCH(S$2,'Programa Drench'!$B$5:$AA$5,0),FALSE)),VLOOKUP($H35,'Programa Drench'!$B$6:$AA$182,MATCH(S$2,'Programa Drench'!$B$5:$AA$5,0),FALSE)),1),0) -> 0 | T35: =IFERROR((VLOOKUP($H35,'Programa Drench'!$B$6:$AA$182,MATCH(T$2,'Programa Drench'!$B$5:$AA$5,0),FALSE)),0) -> 0 | U35: =IFERROR((VLOOKUP($H35,'Programa Drench'!$B$6:$AA$182,MATCH(U$2,'Programa Drench'!$B$5:$AA$5,0),FALSE)*V35),0) -> 0 | V35: =IFERROR(ROUND((S35*$I35),-1),0) -> 0 | W35: =IFERROR(ROUND(IF($D35="SSJ",(VLOOKUP($H35,'Programa Drench'!$B$6:$AA$182,MATCH(W$2,'Programa Drench'!$B$5:$AA$5,0),FALSE)),VLOOKUP($H35,'Programa Drench'!$B$6:$AA$182,MATCH(W$2,'Programa Drench'!$B$5:$AA$5,0),FALSE)),1),0) -> 0 | X35: =IFERROR((VLOOKUP($H35,'Programa Drench'!$B$6:$AA$182,MATCH(X$2,'Programa Drench'!$B$5:$AA$5,0),FALSE)),0) -> 0 | Y35: =IFERROR((VLOOKUP($H35,'Programa Drench'!$B$6:$AA$182,MATCH(Y$2,'Programa Drench'!$B$5:$AA$5,0),FALSE)*Z35),0) -> 0 | Z35: =IFERROR(ROUND((W35*$I35),-1),0) -> 0 | AA35: =IFERROR(ROUND(IF($D35="SSJ",(VLOOKUP($H35,'Programa Drench'!$B$6:$AA$182,MATCH(AA$2,'Programa Drench'!$B$5:$AA$5,0),FALSE)),VLOOKUP($H35,'Programa Drench'!$B$6:$AA$182,MATCH(AA$2,'Programa Drench'!$B$5:$AA$5,0),FALSE)),1),0) -> 0 | AB35: =IFERROR((VLOOKUP($H35,'Programa Drench'!$B$6:$AA$182,MATCH(AB$2,'Programa Drench'!$B$5:$AA$5,0),FALSE)),0) -> 0 | AC35: =IFERROR((VLOOKUP($H35,'Programa Drench'!$B$6:$AA$182,MATCH(AC$2,'Programa Drench'!$B$5:$AA$5,0),FALSE)*$I35),0) -> 0 | AD35: =IFERROR(ROUND((AA35*$I35),-1),0) -> 0 | AE35: =IFERROR(ROUND((VLOOKUP($H35,'Programa Drench'!$B$6:$AA$182,MATCH(AE$2,'Programa Drench'!$B$5:$AA$5,0),FALSE)),-1),0) -> 0 | AF35: =IFERROR((VLOOKUP($H35,'Programa Drench'!$B$6:$AA$182,MATCH(AF$2,'Programa Drench'!$B$5:$AA$5,0),FALSE)),0) -> 0 | AG35: =IFERROR((VLOOKUP($H35,'Programa Drench'!$B$6:$AA$182,MATCH(AG$2,'Programa Drench'!$B$5:$AA$5,0),FALSE)*AH35),0) -> 0 | AH35: =IFERROR(ROUND((VLOOKUP($H35,'Programa Drench'!$B$6:$AA$182,MATCH(AH$2,'Programa Drench'!$B$5:$AA$5,0),FALSE)*$I35),-1),0) -> 0 | AI35: =IFERROR((VLOOKUP($H35,'Programa Drench'!$B$6:$AA$182,MATCH(AI$2,'Programa Drench'!$B$5:$AA$5,0),FALSE)),0) -> 0
A36: =IF(($J$1-C36)>=52,($J$1-C36-100+52+1),($J$1-C36+1)) -> 2572 | G36: =MID(E36,1,1) | H36: =CONCATENATE(A36," ",G36," ",F36) -> 2572 | I36: =IF(D36="MM1",VLOOKUP($B36,'Inf Bloques'!$A$1:$K$453,11,FALSE)*1,VLOOKUP($B36,'Inf Bloques'!$A$1:$K$453,11,FALSE)) -> #N/A | J36: =I36/9 -> #N/A | K36: =IFERROR(ROUND(IF($D36="SSJ",(VLOOKUP($H36,'Programa Drench'!$B$6:$AA$182,MATCH(K$2,'Programa Drench'!$B$5:$AA$5,0),FALSE)),VLOOKUP($H36,'Programa Drench'!$B$6:$AA$182,MATCH(K$2,'Programa Drench'!$B$5:$AA$5,0),FALSE)),1),0) -> 0 | L36: =IFERROR((VLOOKUP($H36,'Programa Drench'!$B$6:$AA$182,MATCH(L$2,'Programa Drench'!$B$5:$AA$5,0),FALSE)),0) -> 0 | M36: =IFERROR((VLOOKUP($H36,'Programa Drench'!$B$6:$AA$182,MATCH(M$2,'Programa Drench'!$B$5:$AA$5,0),FALSE)*N36),0) -> 0 | N36: =IFERROR(ROUND((K36*$I36),-1),0) -> 0 | O36: =IFERROR(ROUND(IF($D36="SSJ",(VLOOKUP($H36,'Programa Drench'!$B$6:$AA$182,MATCH(O$2,'Programa Drench'!$B$5:$AA$5,0),FALSE)),VLOOKUP($H36,'Programa Drench'!$B$6:$AA$182,MATCH(O$2,'Programa Drench'!$B$5:$AA$5,0),FALSE)),1),0) -> 0 | P36: =IFERROR((VLOOKUP($H36,'Programa Drench'!$B$6:$AA$182,MATCH(P$2,'Programa Drench'!$B$5:$AA$5,0),FALSE)),0) -> 0 | Q36: =IFERROR((VLOOKUP($H36,'Programa Drench'!$B$6:$AA$182,MATCH(Q$2,'Programa Drench'!$B$5:$AA$5,0),FALSE)*R36),0) -> 0 | R36: =IFERROR(ROUND((O36*$I36),-1),0) -> 0 | S36: =IFERROR(ROUND(IF($D36="SSJ",(VLOOKUP($H36,'Programa Drench'!$B$6:$AA$182,MATCH(S$2,'Programa Drench'!$B$5:$AA$5,0),FALSE)),VLOOKUP($H36,'Programa Drench'!$B$6:$AA$182,MATCH(S$2,'Programa Drench'!$B$5:$AA$5,0),FALSE)),1),0) -> 0 | T36: =IFERROR((VLOOKUP($H36,'Programa Drench'!$B$6:$AA$182,MATCH(T$2,'Programa Drench'!$B$5:$AA$5,0),FALSE)),0) -> 0 | U36: =IFERROR((VLOOKUP($H36,'Programa Drench'!$B$6:$AA$182,MATCH(U$2,'Programa Drench'!$B$5:$AA$5,0),FALSE)*V36),0) -> 0 | V36: =IFERROR(ROUND((S36*$I36),-1),0) -> 0 | W36: =IFERROR(ROUND(IF($D36="SSJ",(VLOOKUP($H36,'Programa Drench'!$B$6:$AA$182,MATCH(W$2,'Programa Drench'!$B$5:$AA$5,0),FALSE)),VLOOKUP($H36,'Programa Drench'!$B$6:$AA$182,MATCH(W$2,'Programa Drench'!$B$5:$AA$5,0),FALSE)),1),0) -> 0 | X36: =IFERROR((VLOOKUP($H36,'Programa Drench'!$B$6:$AA$182,MATCH(X$2,'Programa Drench'!$B$5:$AA$5,0),FALSE)),0) -> 0 | Y36: =IFERROR((VLOOKUP($H36,'Programa Drench'!$B$6:$AA$182,MATCH(Y$2,'Programa Drench'!$B$5:$AA$5,0),FALSE)*Z36),0) -> 0 | Z36: =IFERROR(ROUND((W36*$I36),-1),0) -> 0 | AA36: =IFERROR(ROUND(IF($D36="SSJ",(VLOOKUP($H36,'Programa Drench'!$B$6:$AA$182,MATCH(AA$2,'Programa Drench'!$B$5:$AA$5,0),FALSE)),VLOOKUP($H36,'Programa Drench'!$B$6:$AA$182,MATCH(AA$2,'Programa Drench'!$B$5:$AA$5,0),FALSE)),1),0) -> 0 | AB36: =IFERROR((VLOOKUP($H36,'Programa Drench'!$B$6:$AA$182,MATCH(AB$2,'Programa Drench'!$B$5:$AA$5,0),FALSE)),0) -> 0 | AC36: =IFERROR((VLOOKUP($H36,'Programa Drench'!$B$6:$AA$182,MATCH(AC$2,'Programa Drench'!$B$5:$AA$5,0),FALSE)*$I36),0) -> 0 | AD36: =IFERROR(ROUND((AA36*$I36),-1),0) -> 0 | AE36: =IFERROR(ROUND((VLOOKUP($H36,'Programa Drench'!$B$6:$AA$182,MATCH(AE$2,'Programa Drench'!$B$5:$AA$5,0),FALSE)),-1),0) -> 0 | AF36: =IFERROR((VLOOKUP($H36,'Programa Drench'!$B$6:$AA$182,MATCH(AF$2,'Programa Drench'!$B$5:$AA$5,0),FALSE)),0) -> 0 | AG36: =IFERROR((VLOOKUP($H36,'Programa Drench'!$B$6:$AA$182,MATCH(AG$2,'Programa Drench'!$B$5:$AA$5,0),FALSE)*AH36),0) -> 0 | AH36: =IFERROR(ROUND((VLOOKUP($H36,'Programa Drench'!$B$6:$AA$182,MATCH(AH$2,'Programa Drench'!$B$5:$AA$5,0),FALSE)*$I36),-1),0) -> 0 | AI36: =IFERROR((VLOOKUP($H36,'Programa Drench'!$B$6:$AA$182,MATCH(AI$2,'Programa Drench'!$B$5:$AA$5,0),FALSE)),0) -> 0
... A80: =IF(($J$1-C80)>=52,($J$1-C80-100+52+1),($J$1-C80+1)) -> 2572 | G80: =MID(E80,1,1) | H80: =CONCATENATE(A80," ",G80," ",F80) -> 2572 | I80: =IF(D80="MM1",VLOOKUP($B80,'Inf Bloques'!$A$1:$K$453,11,FALSE)*1,VLOOKUP($B80,'Inf Bloques'!$A$1:$K$453,11,FALSE)) -> #N/A | J80: =I80/9 -> #N/A | K80: =IFERROR(ROUND(IF($D80="SSJ",(VLOOKUP($H80,'Programa Drench'!$B$6:$AA$182,MATCH(K$2,'Programa Drench'!$B$5:$AA$5,0),FALSE)),VLOOKUP($H80,'Programa Drench'!$B$6:$AA$182,MATCH(K$2,'Programa Drench'!$B$5:$AA$5,0),FALSE)),1),0) -> 0 | L80: =IFERROR((VLOOKUP($H80,'Programa Drench'!$B$6:$AA$182,MATCH(L$2,'Programa Drench'!$B$5:$AA$5,0),FALSE)),0) -> 0 | M80: =IFERROR((VLOOKUP($H80,'Programa Drench'!$B$6:$AA$182,MATCH(M$2,'Programa Drench'!$B$5:$AA$5,0),FALSE)*N80),0) -> 0 | N80: =IFERROR(ROUND((K80*$I80),-1),0) -> 0 | O80: =IFERROR(ROUND(IF($D80="SSJ",(VLOOKUP($H80,'Programa Drench'!$B$6:$AA$182,MATCH(O$2,'Programa Drench'!$B$5:$AA$5,0),FALSE)),VLOOKUP($H80,'Programa Drench'!$B$6:$AA$182,MATCH(O$2,'Programa Drench'!$B$5:$AA$5,0),FALSE)),1),0) -> 0 | P80: =IFERROR((VLOOKUP($H80,'Programa Drench'!$B$6:$AA$182,MATCH(P$2,'Programa Drench'!$B$5:$AA$5,0),FALSE)),0) -> 0 | Q80: =IFERROR((VLOOKUP($H80,'Programa Drench'!$B$6:$AA$182,MATCH(Q$2,'Programa Drench'!$B$5:$AA$5,0),FALSE)*R80),0) -> 0 | R80: =IFERROR(ROUND((O80*$I80),-1),0) -> 0 | S80: =IFERROR(ROUND(IF($D80="SSJ",(VLOOKUP($H80,'Programa Drench'!$B$6:$AA$182,MATCH(S$2,'Programa Drench'!$B$5:$AA$5,0),FALSE)),VLOOKUP($H80,'Programa Drench'!$B$6:$AA$182,MATCH(S$2,'Programa Drench'!$B$5:$AA$5,0),FALSE)),1),0) -> 0 | T80: =IFERROR((VLOOKUP($H80,'Programa Drench'!$B$6:$AA$182,MATCH(T$2,'Programa Drench'!$B$5:$AA$5,0),FALSE)),0) -> 0 | U80: =IFERROR((VLOOKUP($H80,'Programa Drench'!$B$6:$AA$182,MATCH(U$2,'Programa Drench'!$B$5:$AA$5,0),FALSE)*V80),0) -> 0 | V80: =IFERROR(ROUND((S80*$I80),-1),0) -> 0 | W80: =IFERROR(ROUND(IF($D80="SSJ",(VLOOKUP($H80,'Programa Drench'!$B$6:$AA$182,MATCH(W$2,'Programa Drench'!$B$5:$AA$5,0),FALSE)),VLOOKUP($H80,'Programa Drench'!$B$6:$AA$182,MATCH(W$2,'Programa Drench'!$B$5:$AA$5,0),FALSE)),1),0) -> 0 | X80: =IFERROR((VLOOKUP($H80,'Programa Drench'!$B$6:$AA$182,MATCH(X$2,'Programa Drench'!$B$5:$AA$5,0),FALSE)),0) -> 0 | Y80: =IFERROR((VLOOKUP($H80,'Programa Drench'!$B$6:$AA$182,MATCH(Y$2,'Programa Drench'!$B$5:$AA$5,0),FALSE)*Z80),0) -> 0 | Z80: =IFERROR(ROUND((W80*$I80),-1),0) -> 0 | AA80: =IFERROR(ROUND(IF($D80="SSJ",(VLOOKUP($H80,'Programa Drench'!$B$6:$AA$182,MATCH(AA$2,'Programa Drench'!$B$5:$AA$5,0),FALSE)),VLOOKUP($H80,'Programa Drench'!$B$6:$AA$182,MATCH(AA$2,'Programa Drench'!$B$5:$AA$5,0),FALSE)),1),0) -> 0 | AB80: =IFERROR((VLOOKUP($H80,'Programa Drench'!$B$6:$AA$182,MATCH(AB$2,'Programa Drench'!$B$5:$AA$5,0),FALSE)),0) -> 0 | AC80: =IFERROR((VLOOKUP($H80,'Programa Drench'!$B$6:$AA$182,MATCH(AC$2,'Programa Drench'!$B$5:$AA$5,0),FALSE)*$I80),0) -> 0 | AD80: =IFERROR(ROUND((AA80*$I80),-1),0) -> 0 | AE80: =IFERROR(ROUND((VLOOKUP($H80,'Programa Drench'!$B$6:$AA$182,MATCH(AE$2,'Programa Drench'!$B$5:$AA$5,0),FALSE)),-1),0) -> 0 | AF80: =IFERROR((VLOOKUP($H80,'Programa Drench'!$B$6:$AA$182,MATCH(AF$2,'Programa Drench'!$B$5:$AA$5,0),FALSE)),0) -> 0 | AG80: =IFERROR((VLOOKUP($H80,'Programa Drench'!$B$6:$AA$182,MATCH(AG$2,'Programa Drench'!$B$5:$AA$5,0),FALSE)*AH80),0) -> 0 | AH80: =IFERROR(ROUND((VLOOKUP($H80,'Programa Drench'!$B$6:$AA$182,MATCH(AH$2,'Programa Drench'!$B$5:$AA$5,0),FALSE)*$I80),-1),0) -> 0 | AI80: =IFERROR((VLOOKUP($H80,'Programa Drench'!$B$6:$AA$182,MATCH(AI$2,'Programa Drench'!$B$5:$AA$5,0),FALSE)),0) -> 0
A81: FIN | B81: FIN | C81: FIN | D81: FIN | E81: FIN | F81: FIN | G81: FIN | H81: FIN | I81: FIN | J81: FIN | K81: FIN | L81: FIN | M81: FIN | N81: FIN | O81: FIN | P81: FIN | Q81: FIN | R81: FIN | S81: FIN | T81: FIN | U81: FIN | V81: FIN | W81: FIN | X81: FIN | Y81: FIN | Z81: FIN | AA81: FIN | AB81: FIN | AC81: FIN | AD81: FIN | AE81: FIN | AF81: FIN | AG81: FIN | AH81: FIN | AI81: FIN
A82: PRINCIPIO ACTIVO
A83: =A3 -> 15 | B83: =B3 -> 27 | C83: =C3 -> 2605 | D83: =D3 -> CV | E83: =E3 -> P1 | F83: =F3 -> CLO | G83: =G3 -> P | H83: =H3 -> 15 P CLO | ... K83: =K3 -> 7 | L83: =IFERROR(VLOOKUP(L3,'CODIGOS D'!$A$2:$S$451,13,FALSE),"") | M83: =IFERROR(VLOOKUP(M3,'CODIGOS D'!$A$2:$S$451,13,FALSE),"") | N83: =IFERROR(VLOOKUP(N3,'CODIGOS D'!$A$2:$S$451,13,FALSE),"") | O83: =IFERROR(VLOOKUP(O3,'CODIGOS D'!$A$2:$S$451,13,FALSE),"") | P83: =IFERROR(VLOOKUP(P3,'CODIGOS D'!$A$2:$S$451,13,FALSE),"") -> Oxido de nonilfenoletileno | Q83: =IFERROR(VLOOKUP(Q3,'CODIGOS D'!$A$2:$S$451,13,FALSE),"") | R83: =IFERROR(VLOOKUP(R3,'CODIGOS D'!$A$2:$S$451,13,FALSE),"") | S83: =IFERROR(VLOOKUP(S3,'CODIGOS D'!$A$2:$S$451,13,FALSE),"") | ... AH83: =IFERROR(VLOOKUP(AH3,'CODIGOS D'!$A$2:$S$451,13,FALSE),"") | AI83: =AI3 -> 0.6
A84: =A4 -> 12 | B84: =B4 -> 5 | C84: =C4 -> 2608 | D84: =D4 -> CV | E84: =E4 -> P3 | F84: =F4 -> XL | G84: =G4 -> P | H84: =H4 -> 12 P XL | ... K84: =K4 -> 50 | L84: =IFERROR(VLOOKUP(L4,'CODIGOS D'!$A$2:$S$451,13,FALSE),"") -> Oxido de calcio | M84: =IFERROR(VLOOKUP(M4,'CODIGOS D'!$A$2:$S$451,13,FALSE),"") | N84: =IFERROR(VLOOKUP(N4,'CODIGOS D'!$A$2:$S$451,13,FALSE),"") | O84: =IFERROR(VLOOKUP(O4,'CODIGOS D'!$A$2:$S$451,13,FALSE),"") | P84: =IFERROR(VLOOKUP(P4,'CODIGOS D'!$A$2:$S$451,13,FALSE),"") | Q84: =IFERROR(VLOOKUP(Q4,'CODIGOS D'!$A$2:$S$451,13,FALSE),"") | R84: =IFERROR(VLOOKUP(R4,'CODIGOS D'!$A$2:$S$451,13,FALSE),"") | S84: =IFERROR(VLOOKUP(S4,'CODIGOS D'!$A$2:$S$451,13,FALSE),"") | ... AH84: =IFERROR(VLOOKUP(AH4,'CODIGOS D'!$A$2:$S$451,13,FALSE),"") | AI84: =AI4 -> 1.1
A85: =A5 -> 12 | B85: =B5 -> 15 | C85: =C5 -> 2608 | D85: =D5 -> CV | E85: =E5 -> P3 | F85: =F5 -> XL | G85: =G5 -> P | H85: =H5 -> 12 P XL | ... K85: =K5 -> 50 | L85: =IFERROR(VLOOKUP(L5,'CODIGOS D'!$A$2:$S$451,13,FALSE),"") -> Oxido de calcio | M85: =IFERROR(VLOOKUP(M5,'CODIGOS D'!$A$2:$S$451,13,FALSE),"") | N85: =IFERROR(VLOOKUP(N5,'CODIGOS D'!$A$2:$S$451,13,FALSE),"") | O85: =IFERROR(VLOOKUP(O5,'CODIGOS D'!$A$2:$S$451,13,FALSE),"") | P85: =IFERROR(VLOOKUP(P5,'CODIGOS D'!$A$2:$S$451,13,FALSE),"") | Q85: =IFERROR(VLOOKUP(Q5,'CODIGOS D'!$A$2:$S$451,13,FALSE),"") | R85: =IFERROR(VLOOKUP(R5,'CODIGOS D'!$A$2:$S$451,13,FALSE),"") | S85: =IFERROR(VLOOKUP(S5,'CODIGOS D'!$A$2:$S$451,13,FALSE),"") | ... AH85: =IFERROR(VLOOKUP(AH5,'CODIGOS D'!$A$2:$S$451,13,FALSE),"") | AI85: =AI5 -> 1.1
A86: =A6 -> 12 | B86: =B6 -> 22 | C86: =C6 -> 2608 | D86: =D6 -> CV | E86: =E6 -> S | F86: =F6 -> XL | G86: =G6 -> S | H86: =H6 -> 12 S XL | ... K86: =K6 -> 7 | L86: =IFERROR(VLOOKUP(L6,'CODIGOS D'!$A$2:$S$451,13,FALSE),"") | M86: =IFERROR(VLOOKUP(M6,'CODIGOS D'!$A$2:$S$451,13,FALSE),"") | N86: =IFERROR(VLOOKUP(N6,'CODIGOS D'!$A$2:$S$451,13,FALSE),"") | O86: =IFERROR(VLOOKUP(O6,'CODIGOS D'!$A$2:$S$451,13,FALSE),"") | P86: =IFERROR(VLOOKUP(P6,'CODIGOS D'!$A$2:$S$451,13,FALSE),"") -> Oxido de nonilfenoletileno | Q86: =IFERROR(VLOOKUP(Q6,'CODIGOS D'!$A$2:$S$451,13,FALSE),"") | R86: =IFERROR(VLOOKUP(R6,'CODIGOS D'!$A$2:$S$451,13,FALSE),"") | S86: =IFERROR(VLOOKUP(S6,'CODIGOS D'!$A$2:$S$451,13,FALSE),"") | ... AH86: =IFERROR(VLOOKUP(AH6,'CODIGOS D'!$A$2:$S$451,13,FALSE),"") | AI86: =AI6 -> 1.7
A87: =A7 -> 12 | B87: =B7 -> 23 | C87: =C7 -> 2608 | D87: =D7 -> CV | E87: =E7 -> P3 | F87: =F7 -> XL | G87: =G7 -> P | H87: =H7 -> 12 P XL | ... K87: =K7 -> 50 | L87: =IFERROR(VLOOKUP(L7,'CODIGOS D'!$A$2:$S$451,13,FALSE),"") -> Oxido de calcio | M87: =IFERROR(VLOOKUP(M7,'CODIGOS D'!$A$2:$S$451,13,FALSE),"") | N87: =IFERROR(VLOOKUP(N7,'CODIGOS D'!$A$2:$S$451,13,FALSE),"") | O87: =IFERROR(VLOOKUP(O7,'CODIGOS D'!$A$2:$S$451,13,FALSE),"") | P87: =IFERROR(VLOOKUP(P7,'CODIGOS D'!$A$2:$S$451,13,FALSE),"") | Q87: =IFERROR(VLOOKUP(Q7,'CODIGOS D'!$A$2:$S$451,13,FALSE),"") | R87: =IFERROR(VLOOKUP(R7,'CODIGOS D'!$A$2:$S$451,13,FALSE),"") | S87: =IFERROR(VLOOKUP(S7,'CODIGOS D'!$A$2:$S$451,13,FALSE),"") | ... AH87: =IFERROR(VLOOKUP(AH7,'CODIGOS D'!$A$2:$S$451,13,FALSE),"") | AI87: =AI7 -> 1.1
A88: =A8 -> 11 | B88: =B8 -> 4 | C88: =C8 -> 2609 | D88: =D8 -> CV | E88: =E8 -> P3 | F88: =F8 -> XL | G88: =G8 -> P | H88: =H8 -> 11 P XL | ... K88: =K8 -> 7 | L88: =IFERROR(VLOOKUP(L8,'CODIGOS D'!$A$2:$S$451,13,FALSE),"") | M88: =IFERROR(VLOOKUP(M8,'CODIGOS D'!$A$2:$S$451,13,FALSE),"") | N88: =IFERROR(VLOOKUP(N8,'CODIGOS D'!$A$2:$S$451,13,FALSE),"") | O88: =IFERROR(VLOOKUP(O8,'CODIGOS D'!$A$2:$S$451,13,FALSE),"") | P88: =IFERROR(VLOOKUP(P8,'CODIGOS D'!$A$2:$S$451,13,FALSE),"") -> Oxido de nonilfenoletileno | Q88: =IFERROR(VLOOKUP(Q8,'CODIGOS D'!$A$2:$S$451,13,FALSE),"") | R88: =IFERROR(VLOOKUP(R8,'CODIGOS D'!$A$2:$S$451,13,FALSE),"") | S88: =IFERROR(VLOOKUP(S8,'CODIGOS D'!$A$2:$S$451,13,FALSE),"") | ... AH88: =IFERROR(VLOOKUP(AH8,'CODIGOS D'!$A$2:$S$451,13,FALSE),"") | AI88: =AI8 -> 1.7
A89: =A9 -> 10 | B89: =B9 -> 9 | C89: =C9 -> 2610 | D89: =D9 -> CV | E89: =E9 -> P3 | F89: =F9 -> XL | G89: =G9 -> P | H89: =H9 -> 10 P XL | ... K89: =K9 -> 10 | L89: =IFERROR(VLOOKUP(L9,'CODIGOS D'!$A$2:$S$451,13,FALSE),"") -> Sales de amonio cuaternario | M89: =IFERROR(VLOOKUP(M9,'CODIGOS D'!$A$2:$S$451,13,FALSE),"") | N89: =IFERROR(VLOOKUP(N9,'CODIGOS D'!$A$2:$S$451,13,FALSE),"") | O89: =IFERROR(VLOOKUP(O9,'CODIGOS D'!$A$2:$S$451,13,FALSE),"") | P89: =IFERROR(VLOOKUP(P9,'CODIGOS D'!$A$2:$S$451,13,FALSE),"") -> Oxido de nonilfenoletileno | Q89: =IFERROR(VLOOKUP(Q9,'CODIGOS D'!$A$2:$S$451,13,FALSE),"") | R89: =IFERROR(VLOOKUP(R9,'CODIGOS D'!$A$2:$S$451,13,FALSE),"") | S89: =IFERROR(VLOOKUP(S9,'CODIGOS D'!$A$2:$S$451,13,FALSE),"") | ... AH89: =IFERROR(VLOOKUP(AH9,'CODIGOS D'!$A$2:$S$451,13,FALSE),"") | AI89: =AI9 -> 2.2
A90: =A10 -> 10 | B90: =B10 -> 26A | C90: =C10 -> 2610 | D90: =D10 -> CV | E90: =E10 -> S | F90: =F10 -> CLO | G90: =G10 -> S | H90: =H10 -> 10 S CLO | ... K90: =K10 -> 50 | L90: =IFERROR(VLOOKUP(L10,'CODIGOS D'!$A$2:$S$451,13,FALSE),"") -> Beauveria | M90: =IFERROR(VLOOKUP(M10,'CODIGOS D'!$A$2:$S$451,13,FALSE),"") | N90: =IFERROR(VLOOKUP(N10,'CODIGOS D'!$A$2:$S$451,13,FALSE),"") | O90: =IFERROR(VLOOKUP(O10,'CODIGOS D'!$A$2:$S$451,13,FALSE),"") | P90: =IFERROR(VLOOKUP(P10,'CODIGOS D'!$A$2:$S$451,13,FALSE),"") -> Paecilomyces | Q90: =IFERROR(VLOOKUP(Q10,'CODIGOS D'!$A$2:$S$451,13,FALSE),"") | R90: =IFERROR(VLOOKUP(R10,'CODIGOS D'!$A$2:$S$451,13,FALSE),"") | S90: =IFERROR(VLOOKUP(S10,'CODIGOS D'!$A$2:$S$451,13,FALSE),"") | ... AH90: =IFERROR(VLOOKUP(AH10,'CODIGOS D'!$A$2:$S$451,13,FALSE),"") | AI90: =AI10 -> 15
A91: =A11 -> 9 | B91: =B11 -> 14 | C91: =C11 -> 2611 | D91: =D11 -> CV | E91: =E11 -> P3 | F91: =F11 -> XL | G91: =G11 -> P | H91: =H11 -> 9 P XL | ... K91: =K11 -> 50 | L91: =IFERROR(VLOOKUP(L11,'CODIGOS D'!$A$2:$S$451,13,FALSE),"") -> Beauveria | M91: =IFERROR(VLOOKUP(M11,'CODIGOS D'!$A$2:$S$451,13,FALSE),"") | N91: =IFERROR(VLOOKUP(N11,'CODIGOS D'!$A$2:$S$451,13,FALSE),"") | O91: =IFERROR(VLOOKUP(O11,'CODIGOS D'!$A$2:$S$451,13,FALSE),"") | P91: =IFERROR(VLOOKUP(P11,'CODIGOS D'!$A$2:$S$451,13,FALSE),"") -> Paecilomyces | Q91: =IFERROR(VLOOKUP(Q11,'CODIGOS D'!$A$2:$S$451,13,FALSE),"") | R91: =IFERROR(VLOOKUP(R11,'CODIGOS D'!$A$2:$S$451,13,FALSE),"") | S91: =IFERROR(VLOOKUP(S11,'CODIGOS D'!$A$2:$S$451,13,FALSE),"") | ... AH91: =IFERROR(VLOOKUP(AH11,'CODIGOS D'!$A$2:$S$451,13,FALSE),"") | AI91: =AI11 -> 15
A92: =A12 -> 8 | B92: =B12 -> 7 | C92: =C12 -> 2612 | D92: =D12 -> CV | E92: =E12 -> P3 | F92: =F12 -> XL | G92: =G12 -> P | H92: =H12 -> 8 P XL | ... K92: =K12 -> 50 | L92: =IFERROR(VLOOKUP(L12,'CODIGOS D'!$A$2:$S$451,13,FALSE),"") -> Aminoácidos, Materia Orgánica, N | M92: =IFERROR(VLOOKUP(M12,'CODIGOS D'!$A$2:$S$451,13,FALSE),"") | N92: =IFERROR(VLOOKUP(N12,'CODIGOS D'!$A$2:$S$451,13,FALSE),"") | O92: =IFERROR(VLOOKUP(O12,'CODIGOS D'!$A$2:$S$451,13,FALSE),"") | P92: =IFERROR(VLOOKUP(P12,'CODIGOS D'!$A$2:$S$451,13,FALSE),"") | Q92: =IFERROR(VLOOKUP(Q12,'CODIGOS D'!$A$2:$S$451,13,FALSE),"") | R92: =IFERROR(VLOOKUP(R12,'CODIGOS D'!$A$2:$S$451,13,FALSE),"") | S92: =IFERROR(VLOOKUP(S12,'CODIGOS D'!$A$2:$S$451,13,FALSE),"") | ... AH92: =IFERROR(VLOOKUP(AH12,'CODIGOS D'!$A$2:$S$451,13,FALSE),"") | AI92: =AI12 -> 0.71
A93: =A13 -> 8 | B93: =B13 -> 25 | C93: =C13 -> 2612 | D93: =D13 -> CV | E93: =E13 -> P2 | F93: =F13 -> XL | G93: =G13 -> P | H93: =H13 -> 8 P XL | ... K93: =K13 -> 50 | L93: =IFERROR(VLOOKUP(L13,'CODIGOS D'!$A$2:$S$451,13,FALSE),"") -> Aminoácidos, Materia Orgánica, N | M93: =IFERROR(VLOOKUP(M13,'CODIGOS D'!$A$2:$S$451,13,FALSE),"") | N93: =IFERROR(VLOOKUP(N13,'CODIGOS D'!$A$2:$S$451,13,FALSE),"") | O93: =IFERROR(VLOOKUP(O13,'CODIGOS D'!$A$2:$S$451,13,FALSE),"") | P93: =IFERROR(VLOOKUP(P13,'CODIGOS D'!$A$2:$S$451,13,FALSE),"") | Q93: =IFERROR(VLOOKUP(Q13,'CODIGOS D'!$A$2:$S$451,13,FALSE),"") | R93: =IFERROR(VLOOKUP(R13,'CODIGOS D'!$A$2:$S$451,13,FALSE),"") | S93: =IFERROR(VLOOKUP(S13,'CODIGOS D'!$A$2:$S$451,13,FALSE),"") | ... AH93: =IFERROR(VLOOKUP(AH13,'CODIGOS D'!$A$2:$S$451,13,FALSE),"") | AI93: =AI13 -> 0.71
A94: =A14 -> 8 | B94: =B14 -> 26B | C94: =C14 -> 2612 | D94: =D14 -> CV | E94: =E14 -> S | F94: =F14 -> CLO | G94: =G14 -> S | H94: =H14 -> 8 S CLO | ... K94: =K14 -> 50 | L94: =IFERROR(VLOOKUP(L14,'CODIGOS D'!$A$2:$S$451,13,FALSE),"") | M94: =IFERROR(VLOOKUP(M14,'CODIGOS D'!$A$2:$S$451,13,FALSE),"") | N94: =IFERROR(VLOOKUP(N14,'CODIGOS D'!$A$2:$S$451,13,FALSE),"") | O94: =IFERROR(VLOOKUP(O14,'CODIGOS D'!$A$2:$S$451,13,FALSE),"") | P94: =IFERROR(VLOOKUP(P14,'CODIGOS D'!$A$2:$S$451,13,FALSE),"") | Q94: =IFERROR(VLOOKUP(Q14,'CODIGOS D'!$A$2:$S$451,13,FALSE),"") | R94: =IFERROR(VLOOKUP(R14,'CODIGOS D'!$A$2:$S$451,13,FALSE),"") | S94: =IFERROR(VLOOKUP(S14,'CODIGOS D'!$A$2:$S$451,13,FALSE),"") | ... AH94: =IFERROR(VLOOKUP(AH14,'CODIGOS D'!$A$2:$S$451,13,FALSE),"") | AI94: =AI14 -> 0.7
... A137: =A57 -> 2572 | B137: =B57 -> 0 | C137: =C57 -> 0 | D137: =D57 -> 0 | E137: =E57 -> 0 | F137: =F57 -> 0 | G137: =G57 | H137: =H57 -> 2572 | ... K137: =K57 -> 0 | L137: =IFERROR(VLOOKUP(L57,'CODIGOS D'!$A$2:$S$451,13,FALSE),"") | M137: =IFERROR(VLOOKUP(M57,'CODIGOS D'!$A$2:$S$451,13,FALSE),"") | N137: =IFERROR(VLOOKUP(N57,'CODIGOS D'!$A$2:$S$451,13,FALSE),"") | O137: =IFERROR(VLOOKUP(O57,'CODIGOS D'!$A$2:$S$451,13,FALSE),"") | P137: =IFERROR(VLOOKUP(P57,'CODIGOS D'!$A$2:$S$451,13,FALSE),"") | Q137: =IFERROR(VLOOKUP(Q57,'CODIGOS D'!$A$2:$S$451,13,FALSE),"") | R137: =IFERROR(VLOOKUP(R57,'CODIGOS D'!$A$2:$S$451,13,FALSE),"") | S137: =IFERROR(VLOOKUP(S57,'CODIGOS D'!$A$2:$S$451,13,FALSE),"") | ... AH137: =IFERROR(VLOOKUP(AH57,'CODIGOS D'!$A$2:$S$451,13,FALSE),"") | AI137: =AI57 -> 0
A138: =A58 -> 2572 | B138: =B58 -> 0 | C138: =C58 -> 0 | D138: =D58 -> 0 | E138: =E57 -> 0 | F138: =F57 -> 0 | G138: =G58 | H138: =H58 -> 2572 | I138: =I58 -> #N/A | J138: =J58 -> #N/A | K138: =K58 -> 0 | L138: =IFERROR(VLOOKUP(L58,'CODIGOS D'!$A$2:$S$451,13,FALSE),"") | M138: =IFERROR(VLOOKUP(M58,'CODIGOS D'!$A$2:$S$451,13,FALSE),"") | N138: =IFERROR(VLOOKUP(N58,'CODIGOS D'!$A$2:$S$451,13,FALSE),"") | O138: =IFERROR(VLOOKUP(O58,'CODIGOS D'!$A$2:$S$451,13,FALSE),"") | P138: =IFERROR(VLOOKUP(P58,'CODIGOS D'!$A$2:$S$451,13,FALSE),"") | Q138: =IFERROR(VLOOKUP(Q58,'CODIGOS D'!$A$2:$S$451,13,FALSE),"") | R138: =IFERROR(VLOOKUP(R58,'CODIGOS D'!$A$2:$S$451,13,FALSE),"") | S138: =IFERROR(VLOOKUP(S58,'CODIGOS D'!$A$2:$S$451,13,FALSE),"") | ... AH138: =IFERROR(VLOOKUP(AH58,'CODIGOS D'!$A$2:$S$451,13,FALSE),"") | AI138: =AI58 -> 0
A139: =A59 -> 2572 | B139: =B59 -> 0 | C139: =C59 -> 0 | D139: =D59 -> 0 | E139: =E58 -> 0 | F139: =F58 -> 0 | G139: =G59 | H139: =H59 -> 2572 | I139: =I59 -> #N/A | J139: =J59 -> #N/A | K139: =K59 -> 0 | L139: =IFERROR(VLOOKUP(L59,'CODIGOS D'!$A$2:$S$451,13,FALSE),"") | M139: =IFERROR(VLOOKUP(M59,'CODIGOS D'!$A$2:$S$451,13,FALSE),"") | N139: =IFERROR(VLOOKUP(N59,'CODIGOS D'!$A$2:$S$451,13,FALSE),"") | O139: =IFERROR(VLOOKUP(O59,'CODIGOS D'!$A$2:$S$451,13,FALSE),"") | P139: =IFERROR(VLOOKUP(P59,'CODIGOS D'!$A$2:$S$451,13,FALSE),"") | Q139: =IFERROR(VLOOKUP(Q59,'CODIGOS D'!$A$2:$S$451,13,FALSE),"") | R139: =IFERROR(VLOOKUP(R59,'CODIGOS D'!$A$2:$S$451,13,FALSE),"") | S139: =IFERROR(VLOOKUP(S59,'CODIGOS D'!$A$2:$S$451,13,FALSE),"") | ... AH139: =IFERROR(VLOOKUP(AH59,'CODIGOS D'!$A$2:$S$451,13,FALSE),"") | AI139: =AI59 -> 0
A140: =A60 -> 2572 | B140: =B60 -> 0 | C140: =C60 -> 0 | D140: =D60 -> 0 | E140: =E59 -> 0 | F140: =F59 -> 0 | G140: =G60 | H140: =H60 -> 2572 | I140: =I60 -> #N/A | J140: =J60 -> #N/A | K140: =K60 -> 0 | L140: =IFERROR(VLOOKUP(L60,'CODIGOS D'!$A$2:$S$451,13,FALSE),"") | M140: =IFERROR(VLOOKUP(M60,'CODIGOS D'!$A$2:$S$451,13,FALSE),"") | N140: =IFERROR(VLOOKUP(N60,'CODIGOS D'!$A$2:$S$451,13,FALSE),"") | O140: =IFERROR(VLOOKUP(O60,'CODIGOS D'!$A$2:$S$451,13,FALSE),"") | P140: =IFERROR(VLOOKUP(P60,'CODIGOS D'!$A$2:$S$451,13,FALSE),"") | Q140: =IFERROR(VLOOKUP(Q60,'CODIGOS D'!$A$2:$S$451,13,FALSE),"") | R140: =IFERROR(VLOOKUP(R60,'CODIGOS D'!$A$2:$S$451,13,FALSE),"") | S140: =IFERROR(VLOOKUP(S60,'CODIGOS D'!$A$2:$S$451,13,FALSE),"") | ... AH140: =IFERROR(VLOOKUP(AH60,'CODIGOS D'!$A$2:$S$451,13,FALSE),"") | AI140: =AI60 -> 0
A141: =A61 -> 2572 | B141: =B61 -> 0 | C141: =C61 -> 0 | D141: =D61 -> 0 | E141: =E60 -> 0 | F141: =F60 -> 0 | G141: =G61 | H141: =H61 -> 2572 | I141: =I61 -> #N/A | J141: =J61 -> #N/A | K141: =K61 -> 0 | L141: =IFERROR(VLOOKUP(L61,'CODIGOS D'!$A$2:$S$451,13,FALSE),"") | M141: =IFERROR(VLOOKUP(M61,'CODIGOS D'!$A$2:$S$451,13,FALSE),"") | N141: =IFERROR(VLOOKUP(N61,'CODIGOS D'!$A$2:$S$451,13,FALSE),"") | O141: =IFERROR(VLOOKUP(O61,'CODIGOS D'!$A$2:$S$451,13,FALSE),"") | P141: =IFERROR(VLOOKUP(P61,'CODIGOS D'!$A$2:$S$451,13,FALSE),"") | Q141: =IFERROR(VLOOKUP(Q61,'CODIGOS D'!$A$2:$S$451,13,FALSE),"") | R141: =IFERROR(VLOOKUP(R61,'CODIGOS D'!$A$2:$S$451,13,FALSE),"") | S141: =IFERROR(VLOOKUP(S61,'CODIGOS D'!$A$2:$S$451,13,FALSE),"") | ... AH141: =IFERROR(VLOOKUP(AH61,'CODIGOS D'!$A$2:$S$451,13,FALSE),"") | AI141: =AI61 -> 0
A142: =A62 -> 2572 | B142: =B62 -> 0 | C142: =C62 -> 0 | D142: =D62 -> 0 | E142: =E61 -> 0 | F142: =F61 -> 0 | G142: =G62 | H142: =H62 -> 2572 | I142: =I62 -> #N/A | J142: =J62 -> #N/A | K142: =K62 -> 0 | L142: =IFERROR(VLOOKUP(L62,'CODIGOS D'!$A$2:$S$451,13,FALSE),"") | M142: =IFERROR(VLOOKUP(M62,'CODIGOS D'!$A$2:$S$451,13,FALSE),"") | N142: =IFERROR(VLOOKUP(N62,'CODIGOS D'!$A$2:$S$451,13,FALSE),"") | O142: =IFERROR(VLOOKUP(O62,'CODIGOS D'!$A$2:$S$451,13,FALSE),"") | P142: =IFERROR(VLOOKUP(P62,'CODIGOS D'!$A$2:$S$451,13,FALSE),"") | Q142: =IFERROR(VLOOKUP(Q62,'CODIGOS D'!$A$2:$S$451,13,FALSE),"") | R142: =IFERROR(VLOOKUP(R62,'CODIGOS D'!$A$2:$S$451,13,FALSE),"") | S142: =IFERROR(VLOOKUP(S62,'CODIGOS D'!$A$2:$S$451,13,FALSE),"") | ... AH142: =IFERROR(VLOOKUP(AH62,'CODIGOS D'!$A$2:$S$451,13,FALSE),"") | AI142: =AI62 -> 0
A143: =A63 -> 2572 | B143: =B63 -> 0 | C143: =C63 -> 0 | D143: =D63 -> 0 | E143: =E63 -> 0 | F143: =F63 -> 0 | G143: =G63 | H143: =H63 -> 2572 | ... K143: =K63 -> 0 | L143: =IFERROR(VLOOKUP(L63,'CODIGOS D'!$A$2:$S$451,13,FALSE),"") | M143: =IFERROR(VLOOKUP(M63,'CODIGOS D'!$A$2:$S$451,13,FALSE),"") | N143: =IFERROR(VLOOKUP(N63,'CODIGOS D'!$A$2:$S$451,13,FALSE),"") | O143: =IFERROR(VLOOKUP(O63,'CODIGOS D'!$A$2:$S$451,13,FALSE),"") | P143: =IFERROR(VLOOKUP(P63,'CODIGOS D'!$A$2:$S$451,13,FALSE),"") | Q143: =IFERROR(VLOOKUP(Q63,'CODIGOS D'!$A$2:$S$451,13,FALSE),"") | R143: =IFERROR(VLOOKUP(R63,'CODIGOS D'!$A$2:$S$451,13,FALSE),"") | S143: =IFERROR(VLOOKUP(S63,'CODIGOS D'!$A$2:$S$451,13,FALSE),"") | ... AH143: =IFERROR(VLOOKUP(AH63,'CODIGOS D'!$A$2:$S$451,13,FALSE),"") | AI143: =AI63 -> 0
A144: =A64 -> 2572 | B144: =B64 -> 0 | C144: =C64 -> 0 | D144: =D64 -> 0 | E144: =E64 -> 0 | F144: =F64 -> 0 | G144: =G64 | H144: =H64 -> 2572 | ... K144: =K64 -> 0 | L144: =IFERROR(VLOOKUP(L64,'CODIGOS D'!$A$2:$S$451,13,FALSE),"") | M144: =IFERROR(VLOOKUP(M64,'CODIGOS D'!$A$2:$S$451,13,FALSE),"") | N144: =IFERROR(VLOOKUP(N64,'CODIGOS D'!$A$2:$S$451,13,FALSE),"") | O144: =IFERROR(VLOOKUP(O64,'CODIGOS D'!$A$2:$S$451,13,FALSE),"") | P144: =IFERROR(VLOOKUP(P64,'CODIGOS D'!$A$2:$S$451,13,FALSE),"") | Q144: =IFERROR(VLOOKUP(Q64,'CODIGOS D'!$A$2:$S$451,13,FALSE),"") | R144: =IFERROR(VLOOKUP(R64,'CODIGOS D'!$A$2:$S$451,13,FALSE),"") | S144: =IFERROR(VLOOKUP(S64,'CODIGOS D'!$A$2:$S$451,13,FALSE),"") | ... AH144: =IFERROR(VLOOKUP(AH64,'CODIGOS D'!$A$2:$S$451,13,FALSE),"") | AI144: =AI64 -> 0
A145: =A65 -> 2572 | B145: =B65 -> 0 | C145: =C65 -> 0 | D145: =D65 -> 0 | E145: =E65 -> 0 | F145: =F65 -> 0 | G145: =G65 | H145: =H65 -> 2572 | ... K145: =K65 -> 0 | L145: =IFERROR(VLOOKUP(L65,'CODIGOS D'!$A$2:$S$451,13,FALSE),"") | M145: =IFERROR(VLOOKUP(M65,'CODIGOS D'!$A$2:$S$451,13,FALSE),"") | N145: =IFERROR(VLOOKUP(N65,'CODIGOS D'!$A$2:$S$451,13,FALSE),"") | O145: =IFERROR(VLOOKUP(O65,'CODIGOS D'!$A$2:$S$451,13,FALSE),"") | P145: =IFERROR(VLOOKUP(P65,'CODIGOS D'!$A$2:$S$451,13,FALSE),"") | Q145: =IFERROR(VLOOKUP(Q65,'CODIGOS D'!$A$2:$S$451,13,FALSE),"") | R145: =IFERROR(VLOOKUP(R65,'CODIGOS D'!$A$2:$S$451,13,FALSE),"") | S145: =IFERROR(VLOOKUP(S65,'CODIGOS D'!$A$2:$S$451,13,FALSE),"") | ... AH145: =IFERROR(VLOOKUP(AH65,'CODIGOS D'!$A$2:$S$451,13,FALSE),"") | AI145: =AI65 -> 0
A146: =A66 -> 2572 | B146: =B66 -> 0 | C146: =C66 -> 0 | D146: =D66 -> 0 | E146: =E66 -> 0 | F146: =F66 -> 0 | G146: =G66 | H146: =H66 -> 2572 | ... K146: =K66 -> 0 | L146: =IFERROR(VLOOKUP(L66,'CODIGOS D'!$A$2:$S$451,13,FALSE),"") | M146: =IFERROR(VLOOKUP(M66,'CODIGOS D'!$A$2:$S$451,13,FALSE),"") | N146: =IFERROR(VLOOKUP(N66,'CODIGOS D'!$A$2:$S$451,13,FALSE),"") | O146: =IFERROR(VLOOKUP(O66,'CODIGOS D'!$A$2:$S$451,13,FALSE),"") | P146: =IFERROR(VLOOKUP(P66,'CODIGOS D'!$A$2:$S$451,13,FALSE),"") | Q146: =IFERROR(VLOOKUP(Q66,'CODIGOS D'!$A$2:$S$451,13,FALSE),"") | R146: =IFERROR(VLOOKUP(R66,'CODIGOS D'!$A$2:$S$451,13,FALSE),"") | S146: =IFERROR(VLOOKUP(S66,'CODIGOS D'!$A$2:$S$451,13,FALSE),"") | ... AH146: =IFERROR(VLOOKUP(AH66,'CODIGOS D'!$A$2:$S$451,13,FALSE),"") | AI146: =AI66 -> 0
A147: =A67 -> 2572 | B147: =B67 -> 0 | C147: =C67 -> 0 | D147: =D67 -> 0 | E147: =E67 -> 0 | F147: =F67 -> 0 | G147: =G67 | H147: =H67 -> 2572 | ... K147: =K67 -> 0 | L147: =IFERROR(VLOOKUP(L67,'CODIGOS D'!$A$2:$S$451,13,FALSE),"") | M147: =IFERROR(VLOOKUP(M67,'CODIGOS D'!$A$2:$S$451,13,FALSE),"") | N147: =IFERROR(VLOOKUP(N67,'CODIGOS D'!$A$2:$S$451,13,FALSE),"") | O147: =IFERROR(VLOOKUP(O67,'CODIGOS D'!$A$2:$S$451,13,FALSE),"") | P147: =IFERROR(VLOOKUP(P67,'CODIGOS D'!$A$2:$S$451,13,FALSE),"") | Q147: =IFERROR(VLOOKUP(Q67,'CODIGOS D'!$A$2:$S$451,13,FALSE),"") | R147: =IFERROR(VLOOKUP(R67,'CODIGOS D'!$A$2:$S$451,13,FALSE),"") | S147: =IFERROR(VLOOKUP(S67,'CODIGOS D'!$A$2:$S$451,13,FALSE),"") | ... AH147: =IFERROR(VLOOKUP(AH67,'CODIGOS D'!$A$2:$S$451,13,FALSE),"") | AI147: =AI67 -> 0
A148: =A68 -> 2572 | B148: =B68 -> 0 | C148: =C68 -> 0 | D148: =D68 -> 0 | E148: =E68 -> 0 | F148: =F68 -> 0 | G148: =G68 | H148: =H68 -> 2572 | ... K148: =K68 -> 0 | L148: =IFERROR(VLOOKUP(L68,'CODIGOS D'!$A$2:$S$451,13,FALSE),"") | M148: =IFERROR(VLOOKUP(M68,'CODIGOS D'!$A$2:$S$451,13,FALSE),"") | N148: =IFERROR(VLOOKUP(N68,'CODIGOS D'!$A$2:$S$451,13,FALSE),"") | O148: =IFERROR(VLOOKUP(O68,'CODIGOS D'!$A$2:$S$451,13,FALSE),"") | P148: =IFERROR(VLOOKUP(P68,'CODIGOS D'!$A$2:$S$451,13,FALSE),"") | Q148: =IFERROR(VLOOKUP(Q68,'CODIGOS D'!$A$2:$S$451,13,FALSE),"") | R148: =IFERROR(VLOOKUP(R68,'CODIGOS D'!$A$2:$S$451,13,FALSE),"") | S148: =IFERROR(VLOOKUP(S68,'CODIGOS D'!$A$2:$S$451,13,FALSE),"") | ... AH148: =IFERROR(VLOOKUP(AH68,'CODIGOS D'!$A$2:$S$451,13,FALSE),"") | AI148: =AI68 -> 0
A149: =A69 -> 2572 | B149: =B69 -> 0 | C149: =C69 -> 0 | D149: =D69 -> 0 | E149: =E69 -> 0 | F149: =F69 -> 0 | G149: =G69 | H149: =H69 -> 2572 | ... K149: =K69 -> 0 | L149: =IFERROR(VLOOKUP(L69,'CODIGOS D'!$A$2:$S$451,13,FALSE),"") | M149: =IFERROR(VLOOKUP(M69,'CODIGOS D'!$A$2:$S$451,13,FALSE),"") | N149: =IFERROR(VLOOKUP(N69,'CODIGOS D'!$A$2:$S$451,13,FALSE),"") | O149: =IFERROR(VLOOKUP(O69,'CODIGOS D'!$A$2:$S$451,13,FALSE),"") | P149: =IFERROR(VLOOKUP(P69,'CODIGOS D'!$A$2:$S$451,13,FALSE),"") | Q149: =IFERROR(VLOOKUP(Q69,'CODIGOS D'!$A$2:$S$451,13,FALSE),"") | R149: =IFERROR(VLOOKUP(R69,'CODIGOS D'!$A$2:$S$451,13,FALSE),"") | S149: =IFERROR(VLOOKUP(S69,'CODIGOS D'!$A$2:$S$451,13,FALSE),"") | ... AH149: =IFERROR(VLOOKUP(AH69,'CODIGOS D'!$A$2:$S$451,13,FALSE),"") | AI149: =AI69 -> 0
A150: =A70 -> 2572 | B150: =B70 -> 0 | C150: =C70 -> 0 | D150: =D70 -> 0 | E150: =E70 -> 0 | F150: =F70 -> 0 | G150: =G70 | H150: =H70 -> 2572 | ... K150: =K70 -> 0 | L150: =IFERROR(VLOOKUP(L70,'CODIGOS D'!$A$2:$S$451,13,FALSE),"") | M150: =IFERROR(VLOOKUP(M70,'CODIGOS D'!$A$2:$S$451,13,FALSE),"") | N150: =IFERROR(VLOOKUP(N70,'CODIGOS D'!$A$2:$S$451,13,FALSE),"") | O150: =IFERROR(VLOOKUP(O70,'CODIGOS D'!$A$2:$S$451,13,FALSE),"") | P150: =IFERROR(VLOOKUP(P70,'CODIGOS D'!$A$2:$S$451,13,FALSE),"") | Q150: =IFERROR(VLOOKUP(Q70,'CODIGOS D'!$A$2:$S$451,13,FALSE),"") | R150: =IFERROR(VLOOKUP(R70,'CODIGOS D'!$A$2:$S$451,13,FALSE),"") | S150: =IFERROR(VLOOKUP(S70,'CODIGOS D'!$A$2:$S$451,13,FALSE),"") | ... AH150: =IFERROR(VLOOKUP(AH70,'CODIGOS D'!$A$2:$S$451,13,FALSE),"") | AI150: =AI70 -> 0
A151: =A71 -> 2572 | B151: =B71 -> 0 | C151: =C71 -> 0 | D151: =D71 -> 0 | E151: =E71 -> 0 | F151: =F71 -> 0 | G151: =G71 | H151: =H71 -> 2572 | ... K151: =K71 -> 0 | L151: =IFERROR(VLOOKUP(L71,'CODIGOS D'!$A$2:$S$451,13,FALSE),"") | M151: =IFERROR(VLOOKUP(M71,'CODIGOS D'!$A$2:$S$451,13,FALSE),"") | N151: =IFERROR(VLOOKUP(N71,'CODIGOS D'!$A$2:$S$451,13,FALSE),"") | O151: =IFERROR(VLOOKUP(O71,'CODIGOS D'!$A$2:$S$451,13,FALSE),"") | P151: =IFERROR(VLOOKUP(P71,'CODIGOS D'!$A$2:$S$451,13,FALSE),"") | Q151: =IFERROR(VLOOKUP(Q71,'CODIGOS D'!$A$2:$S$451,13,FALSE),"") | R151: =IFERROR(VLOOKUP(R71,'CODIGOS D'!$A$2:$S$451,13,FALSE),"") | S151: =IFERROR(VLOOKUP(S71,'CODIGOS D'!$A$2:$S$451,13,FALSE),"") | ... AH151: =IFERROR(VLOOKUP(AH71,'CODIGOS D'!$A$2:$S$451,13,FALSE),"") | AI151: =AI71 -> 0
A152: =A72 -> 2572 | B152: =B72 -> 0 | C152: =C72 -> 0 | D152: =D72 -> 0 | E152: =E72 -> 0 | F152: =F72 -> 0 | G152: =G72 | H152: =H72 -> 2572 | ... K152: =K72 -> 0 | L152: =IFERROR(VLOOKUP(L72,'CODIGOS D'!$A$2:$S$451,13,FALSE),"") | M152: =IFERROR(VLOOKUP(M72,'CODIGOS D'!$A$2:$S$451,13,FALSE),"") | N152: =IFERROR(VLOOKUP(N72,'CODIGOS D'!$A$2:$S$451,13,FALSE),"") | O152: =IFERROR(VLOOKUP(O72,'CODIGOS D'!$A$2:$S$451,13,FALSE),"") | P152: =IFERROR(VLOOKUP(P72,'CODIGOS D'!$A$2:$S$451,13,FALSE),"") | Q152: =IFERROR(VLOOKUP(Q72,'CODIGOS D'!$A$2:$S$451,13,FALSE),"") | R152: =IFERROR(VLOOKUP(R72,'CODIGOS D'!$A$2:$S$451,13,FALSE),"") | S152: =IFERROR(VLOOKUP(S72,'CODIGOS D'!$A$2:$S$451,13,FALSE),"") | ... AH152: =IFERROR(VLOOKUP(AH72,'CODIGOS D'!$A$2:$S$451,13,FALSE),"") | AI152: =AI72 -> 0
A153: =A73 -> 2572 | B153: =B73 -> 0 | C153: =C73 -> 0 | D153: =D73 -> 0 | E153: =E73 -> 0 | F153: =F73 -> 0 | G153: =G73 | H153: =H73 -> 2572 | ... K153: =K73 -> 0 | L153: =IFERROR(VLOOKUP(L73,'CODIGOS D'!$A$2:$S$451,13,FALSE),"") | M153: =IFERROR(VLOOKUP(M73,'CODIGOS D'!$A$2:$S$451,13,FALSE),"") | N153: =IFERROR(VLOOKUP(N73,'CODIGOS D'!$A$2:$S$451,13,FALSE),"") | O153: =IFERROR(VLOOKUP(O73,'CODIGOS D'!$A$2:$S$451,13,FALSE),"") | P153: =IFERROR(VLOOKUP(P73,'CODIGOS D'!$A$2:$S$451,13,FALSE),"") | Q153: =IFERROR(VLOOKUP(Q73,'CODIGOS D'!$A$2:$S$451,13,FALSE),"") | R153: =IFERROR(VLOOKUP(R73,'CODIGOS D'!$A$2:$S$451,13,FALSE),"") | S153: =IFERROR(VLOOKUP(S73,'CODIGOS D'!$A$2:$S$451,13,FALSE),"") | ... AH153: =IFERROR(VLOOKUP(AH73,'CODIGOS D'!$A$2:$S$451,13,FALSE),"") | AI153: =AI73 -> 0
A154: =A74 -> 2572 | B154: =B74 -> 0 | C154: =C74 -> 0 | D154: =D74 -> 0 | E154: =E74 -> 0 | F154: =F74 -> 0 | G154: =G74 | H154: =H74 -> 2572 | ... K154: =K74 -> 0 | L154: =IFERROR(VLOOKUP(L74,'CODIGOS D'!$A$2:$S$451,13,FALSE),"") | M154: =IFERROR(VLOOKUP(M74,'CODIGOS D'!$A$2:$S$451,13,FALSE),"") | N154: =IFERROR(VLOOKUP(N74,'CODIGOS D'!$A$2:$S$451,13,FALSE),"") | O154: =IFERROR(VLOOKUP(O74,'CODIGOS D'!$A$2:$S$451,13,FALSE),"") | P154: =IFERROR(VLOOKUP(P74,'CODIGOS D'!$A$2:$S$451,13,FALSE),"") | Q154: =IFERROR(VLOOKUP(Q74,'CODIGOS D'!$A$2:$S$451,13,FALSE),"") | R154: =IFERROR(VLOOKUP(R74,'CODIGOS D'!$A$2:$S$451,13,FALSE),"") | S154: =IFERROR(VLOOKUP(S74,'CODIGOS D'!$A$2:$S$451,13,FALSE),"") | ... AH154: =IFERROR(VLOOKUP(AH74,'CODIGOS D'!$A$2:$S$451,13,FALSE),"") | AI154: =AI74 -> 0
... A160: =A80 -> 2572 | B160: =B80 -> 0 | C160: =C80 -> 0 | D160: =D80 -> 0 | E160: =E80 -> 0 | F160: =F80 -> 0 | G160: =G80 | H160: =H80 -> 2572 | ... K160: =K80 -> 0 | L160: =IFERROR(VLOOKUP(L80,'CODIGOS D'!$A$2:$S$451,13,FALSE),"") | M160: =IFERROR(VLOOKUP(M80,'CODIGOS D'!$A$2:$S$451,13,FALSE),"") | N160: =IFERROR(VLOOKUP(N80,'CODIGOS D'!$A$2:$S$451,13,FALSE),"") | O160: =IFERROR(VLOOKUP(O80,'CODIGOS D'!$A$2:$S$451,13,FALSE),"") | P160: =IFERROR(VLOOKUP(P80,'CODIGOS D'!$A$2:$S$451,13,FALSE),"") | Q160: =IFERROR(VLOOKUP(Q80,'CODIGOS D'!$A$2:$S$451,13,FALSE),"") | R160: =IFERROR(VLOOKUP(R80,'CODIGOS D'!$A$2:$S$451,13,FALSE),"") | S160: =IFERROR(VLOOKUP(S80,'CODIGOS D'!$A$2:$S$451,13,FALSE),"") | ... AH160: =IFERROR(VLOOKUP(AH80,'CODIGOS D'!$A$2:$S$451,13,FALSE),"") | AI160: =AI80 -> 0
A161: =A81 -> FIN | B161: =B81 -> FIN | C161: =C81 -> FIN | D161: =D81 -> FIN | E161: =E81 -> FIN | F161: =F81 -> FIN | G161: =G81 -> FIN | H161: =H81 -> FIN | ... AI161: =AI81 -> FIN

Sheet CALCULO DRENCH EGRESO PASO 2
A1: =CONCATENATE(('PROGRAMA DRENCH PASO 1'!C1)," ",('PROGRAMA DRENCH PASO 1'!J1)) -> PROGRAMACION PARA DRENCH 2619
A2: PRODUCTO | B2: B | C2: CODIGO | D2: CANTIDAD | E2: USO FINAL (Blanco) | F2: UNIDAD (Blanco) | G2: LOTE (Blanco) | H2: BLOQUE | I2: Descripción 1 (Blanco) | J2: Descripción 2 (Blanco) | K2: Area | L2: DIA DE EGRESO
A3: ='PROGRAMA DRENCH PASO 1'!L3 -> Flutrialaq | C3: =IFERROR((VLOOKUP($A3,'[2]CODIGOS D'!$A$3:$S$451,2,FALSE)),"0") -> 0 | D3: =+'PROGRAMA DRENCH PASO 1'!M3 -> 108 | H3: ='PROGRAMA DRENCH PASO 1'!B3 -> 27 | K3: =VLOOKUP(H3,'Inf Bloques'!$A$1:$J$453,10,FALSE) -> CV
A4: =+'PROGRAMA DRENCH PASO 1'!P3 -> Agral | C4: =IFERROR((VLOOKUP($A4,'[2]CODIGOS D'!$A$3:$S$451,2,FALSE)),"0") -> PJ010 | D4: =+'PROGRAMA DRENCH PASO 1'!Q3 -> 54 | H4: =+H3 -> 27 | K4: =VLOOKUP(H4,'Inf Bloques'!$A$1:$J$453,10,FALSE) -> CV
A5: =+'PROGRAMA DRENCH PASO 1'!T3 -> 0 | C5: =IFERROR((VLOOKUP($A5,'[2]CODIGOS D'!$A$3:$S$451,2,FALSE)),"0") -> 0 | D5: =+'PROGRAMA DRENCH PASO 1'!U3 -> 0 | H5: =+H4 -> 27 | K5: =VLOOKUP(H5,'Inf Bloques'!$A$1:$J$453,10,FALSE) -> CV
A6: =+'PROGRAMA DRENCH PASO 1'!X3 -> 0 | C6: =IFERROR((VLOOKUP($A6,'[2]CODIGOS D'!$A$3:$S$451,2,FALSE)),"0") -> 0 | D6: =+'PROGRAMA DRENCH PASO 1'!Y3 -> 0 | H6: =+H5 -> 27 | K6: =VLOOKUP(H6,'Inf Bloques'!$A$1:$J$453,10,FALSE) -> CV
A7: =+'PROGRAMA DRENCH PASO 1'!AB3 -> 0 | C7: =IFERROR((VLOOKUP($A7,'[2]CODIGOS D'!$A$3:$S$451,2,FALSE)),"0") -> 0 | D7: =+'PROGRAMA DRENCH PASO 1'!AC3 -> 0 | H7: =+H6 -> 27 | K7: =VLOOKUP(H7,'Inf Bloques'!$A$1:$J$453,10,FALSE) -> CV
A8: =+'PROGRAMA DRENCH PASO 1'!AF3 -> 0 | C8: =IFERROR((VLOOKUP($A8,'[2]CODIGOS D'!$A$3:$S$451,2,FALSE)),"0") -> 0 | D8: =+'PROGRAMA DRENCH PASO 1'!AG3 -> 0 | H8: =+H7 -> 27 | K8: =VLOOKUP(H8,'Inf Bloques'!$A$1:$J$453,10,FALSE) -> CV
